Calculation1,Fips,Metro area,Latitude (generated),Longitude (generated),Share of recent buyers
4,41100,"St. George, UT Metro Area",37.3092,-113.4764,12.0%
4,17660,"Coeur d'Alene, ID Metro Area",47.6787,-116.6855,11.3%
4,16940,"Cheyenne, WY Metro Area",41.3265,-104.6666,13.8%
3,49740,"Yuma, AZ Metro Area",32.7522,-113.9364,8.2%
3,49700,"Yuba City, CA Metro Area",39.1868,-121.6103,10.1%
3,49020,"Winchester, VA-WV Metro Area",39.2738,-78.4913,8.6%
3,47580,"Warner Robins, GA Metro Area",32.3977,-83.6652,9.1%
3,47460,"Walla Walla, WA Metro Area",46.311,-118.1923,9.1%
3,46060,"Tucson, AZ Metro Area",31.9703,-111.7845,8.4%
3,45540,"The Villages, FL Metro Area",28.633,-82.1055,10.4%
3,45300,"Tampa-St. Petersburg-Clearwater, FL Metro Area",28.1327,-82.4803,8.4%
3,44100,"Springfield, IL Metro Area",39.8416,-89.6058,9.0%
3,44060,"Spokane-Spokane Valley, WA Metro Area",48.1301,-117.6472,8.1%
3,43620,"Sioux Falls, SD Metro Area",43.4663,-96.9954,9.8%
3,43420,"Sierra Vista-Douglas, AZ Metro Area",31.8803,-109.7499,8.0%
3,42680,"Sebastian-Vero Beach, FL Metro Area",27.7096,-80.5941,9.5%
3,41420,"Salem, OR Metro Area",44.9843,-123.1472,8.5%
3,39340,"Provo-Orem, UT Metro Area",39.9462,-111.6923,9.2%
3,39140,"Prescott, AZ Metro Area",34.7073,-112.4429,10.4%
3,38940,"Port St. Lucie, FL Metro Area",27.2586,-80.4072,8.3%
3,38900,"Portland-Vancouver-Hillsboro, OR-WA Metro Area",45.6371,-122.6727,8.0%
3,38060,"Phoenix-Mesa-Scottsdale, AZ Metro Area",33.2681,-112.1432,9.0%
3,37860,"Pensacola-Ferry Pass-Brent, FL Metro Area",30.6146,-87.0952,8.8%
3,37460,"Panama City, FL Metro Area",30.0858,-85.4574,9.9%
3,37340,"Palm Bay-Melbourne-Titusville, FL Metro Area",28.3067,-80.7005,8.9%
3,36740,"Orlando-Kissimmee-Sanford, FL Metro Area",28.4593,-81.4247,8.1%
3,36500,"Olympia-Tumwater, WA Metro Area",46.9781,-122.8988,9.0%
3,36260,"Ogden-Clearfield, UT Metro Area",41.3853,-112.9149,9.8%
3,36140,"Ocean City, NJ Metro Area",39.0589,-74.914,11.0%
3,36100,"Ocala, FL Metro Area",29.2408,-82.0227,8.1%
3,34940,"Naples-Immokalee-Marco Island, FL Metro Area",26.1457,-81.37,8.2%
3,33780,"Monroe, MI Metro Area",41.9089,-83.4758,8.4%
3,33260,"Midland, TX Metro Area",32.0888,-101.9531,10.3%
3,32780,"Medford, OR Metro Area",42.4995,-122.7571,8.6%
3,31900,"Mansfield, OH Metro Area",40.773,-82.5525,9.2%
3,31740,"Manhattan, KS Metro Area",39.3049,-96.498,9.4%
3,31020,"Longview, WA Metro Area",46.1192,-122.6148,9.7%
3,30460,"Lexington-Fayette, KY Metro Area",38.1106,-84.4711,8.1%
3,29820,"Las Vegas-Henderson-Paradise, NV Metro Area",35.9271,-115.2532,9.3%
3,29460,"Lakeland-Winter Haven, FL Metro Area",28.0026,-81.7382,9.2%
3,27740,"Johnson City, TN Metro Area",36.2322,-82.2998,8.6%
3,27340,"Jacksonville, NC Metro Area",34.692,-77.3865,8.1%
3,27260,"Jacksonville, FL Metro Area",30.2238,-81.8852,9.0%
3,26140,"Homosassa Springs, FL Metro Area",28.8594,-82.5154,10.9%
3,25260,"Hanford-Corcoran, CA Metro Area",36.1391,-119.7718,8.8%
3,24580,"Green Bay, WI Metro Area",44.8103,-88.0063,8.1%
3,24540,"Greeley, CO Metro Area",40.5014,-104.5459,8.1%
3,24500,"Great Falls, MT Metro Area",47.2584,-111.4165,8.2%
3,24420,"Grants Pass, OR Metro Area",42.3893,-123.634,8.8%
3,24300,"Grand Junction, CO Metro Area",38.9332,-108.5847,9.8%
3,22660,"Fort Collins, CO Metro Area",40.6284,-105.4466,9.5%
3,21660,"Eugene, OR Metro Area",43.864,-122.7491,8.1%
3,20700,"East Stroudsburg, PA Metro Area",41.0334,-75.2923,9.6%
3,20500,"Durham-Chapel Hill, NC Metro Area",36.0288,-79.0057,8.4%
3,20100,"Dover, DE Metro Area",39.1096,-75.4797,9.2%
3,19740,"Denver-Aurora-Lakewood, CO Metro Area",39.3686,-104.8662,8.2%
3,19660,"Deltona-Daytona Beach-Ormond Beach, FL Metro Area",29.1419,-81.2095,8.3%
3,18880,"Crestview-Fort Walton Beach-Destin, FL Metro Area",30.6049,-86.3534,8.7%
3,17860,"Columbia, MO Metro Area",38.9459,-92.3404,8.3%
3,17820,"Colorado Springs, CO Metro Area",38.8203,-104.6919,8.4%
3,17780,"College Station-Bryan, TX Metro Area",30.8264,-96.4102,9.1%
3,17300,"Clarksville, TN-KY Metro Area",36.7362,-87.7121,8.8%
3,17020,"Chico, CA Metro Area",39.7237,-121.5794,10.8%
3,16300,"Cedar Rapids, IA Metro Area",42.0794,-91.5987,8.2%
3,16220,"Casper, WY Metro Area",42.9662,-106.7878,9.3%
3,15980,"Cape Coral-Fort Myers, FL Metro Area",26.5532,-81.9137,9.6%
3,15540,"Burlington-South Burlington, VT Metro Area",44.5888,-73.1245,8.8%
3,14740,"Bremerton-Silverdale, WA Metro Area",47.6874,-122.6079,8.4%
3,14540,"Bowling Green, KY Metro Area",37.0118,-86.4225,9.1%
3,14260,"Boise City, ID Metro Area",43.2557,-116.5017,9.4%
3,13460,"Bend-Redmond, OR Metro Area",44.0023,-121.4063,10.8%
3,12420,"Austin-Round Rock, TX Metro Area",30.2683,-97.6515,8.3%
3,12220,"Auburn-Opelika, AL Metro Area",32.5778,-85.3613,10.8%
2,49620,"York-Hanover, PA Metro Area",39.9731,-76.7431,6.2%
2,49420,"Yakima, WA Metro Area",46.5645,-120.6486,6.0%
2,49340,"Worcester, MA-CT Metro Area",42.178,-71.8736,6.0%
2,49180,"Winston-Salem, NC Metro Area",36.0275,-80.3688,6.2%
2,48900,"Wilmington, NC Metro Area",34.2598,-77.8228,5.7%
2,48660,"Wichita Falls, TX Metro Area",33.804,-98.4655,6.5%
2,48620,"Wichita, KS Metro Area",37.5841,-97.4951,7.7%
2,48540,"Wheeling, WV-OH Metro Area",39.9534,-80.8766,5.3%
2,48300,"Wenatchee, WA Metro Area",47.8855,-120.1936,6.9%
2,48260,"Weirton-Steubenville, WV-OH Metro Area",40.3973,-80.6923,5.3%
2,48140,"Wausau, WI Metro Area",44.9009,-89.7695,5.1%
2,48060,"Watertown-Fort Drum, NY Metro Area",44.0354,-75.9891,5.7%
2,47900,"Washington-Arlington-Alexandria, DC-VA-MD-WV Metro Area",38.8552,-77.5269,6.6%
2,47380,"Waco, TX Metro Area",31.4247,-97.1128,6.8%
2,47300,"Visalia-Porterville, CA Metro Area",36.2671,-118.8232,6.3%
2,47260,"Virginia Beach-Norfolk-Newport News, VA-NC Metro Area",36.8161,-76.3797,6.7%
2,47220,"Vineland-Bridgeton, NJ Metro Area",39.3125,-75.1344,6.2%
2,46700,"Vallejo-Fairfield, CA Metro Area",38.2855,-121.9018,5.5%
2,46540,"Utica-Rome, NY Metro Area",43.4608,-75.1188,5.6%
2,46520,"Urban Honolulu, HI Metro Area",21.4812,-157.9695,5.3%
2,46140,"Tulsa, OK Metro Area",36.1881,-96.1294,6.8%
2,45940,"Trenton, NJ Metro Area",40.2805,-74.6826,5.6%
2,45820,"Topeka, KS Metro Area",39.0434,-95.9461,7.9%
2,45780,"Toledo, OH Metro Area",41.5626,-83.8981,6.7%
2,45220,"Tallahassee, FL Metro Area",30.3347,-84.2507,7.2%
2,45060,"Syracuse, NY Metro Area",43.2123,-76.1777,5.3%
2,44420,"Staunton-Waynesboro, VA Metro Area",38.1797,-79.1373,6.0%
2,44300,"State College, PA Metro Area",40.9721,-77.806,5.1%
2,44220,"Springfield, OH Metro Area",39.9058,-83.7972,5.8%
2,44180,"Springfield, MO Metro Area",37.3561,-93.1565,7.7%
2,44140,"Springfield, MA Metro Area",42.2772,-72.6068,6.2%
2,43900,"Spartanburg, SC Metro Area",34.8204,-81.8312,7.3%
2,43780,"South Bend-Mishawaka, IN-MI Metro Area",41.7514,-86.2934,6.1%
2,43340,"Shreveport-Bossier City, LA Metro Area",32.4317,-93.6401,6.4%
2,43300,"Sherman-Denison, TX Metro Area",33.6787,-96.662,6.4%
2,42700,"Sebring, FL Metro Area",27.3395,-81.3049,6.6%
2,42660,"Seattle-Tacoma-Bellevue, WA Metro Area",47.5137,-121.885,7.6%
2,42340,"Savannah, GA Metro Area",32.1505,-81.4468,7.6%
2,42220,"Santa Rosa, CA Metro Area",38.4629,-122.8943,6.4%
2,42200,"Santa Maria-Santa Barbara, CA Metro Area",34.7203,-120.0629,7.3%
2,42140,"Santa Fe, NM Metro Area",35.5258,-105.9833,7.2%
2,42020,"San Luis Obispo-Paso Robles-Arroyo Grande, CA Metro Area",35.3477,-120.3665,7.0%
2,41940,"San Jose-Sunnyvale-Santa Clara, CA Metro Area",36.8407,-121.3746,5.2%
2,41740,"San Diego-Carlsbad, CA Metro Area",33.0164,-116.7305,6.4%
2,41700,"San Antonio-New Braunfels, TX Metro Area",29.376,-98.6267,7.1%
2,41620,"Salt Lake City, UT Metro Area",40.4903,-112.926,6.6%
2,41540,"Salisbury, MD-DE Metro Area",38.4443,-75.4108,6.5%
2,41500,"Salinas, CA Metro Area",36.3545,-121.5249,5.7%
2,41180,"St. Louis, MO-IL Metro Area",38.7628,-90.3359,6.2%
2,41140,"St. Joseph, MO-KS Metro Area",39.8301,-94.7727,5.9%
2,41060,"St. Cloud, MN Metro Area",45.5526,-94.6386,6.1%
2,40900,"Sacramento--Roseville--Arden-Arcade, CA Metro Area",38.6673,-121.1593,6.7%
2,40340,"Rochester, MN Metro Area",43.9778,-92.5623,5.9%
2,40140,"Riverside-San Bernardino-Ontario, CA Metro Area",34.6177,-116.0501,6.7%
2,40060,"Richmond, VA Metro Area",37.48,-77.437,6.6%
2,39900,"Reno, NV Metro Area",40.582,-119.6546,8.0%
2,39820,"Redding, CA Metro Area",40.7347,-122.0179,6.8%
2,39660,"Rapid City, SD Metro Area",44.258,-102.7909,7.0%
2,39580,"Raleigh, NC Metro Area",35.7604,-78.5878,7.9%
2,39540,"Racine, WI Metro Area",42.7278,-87.6802,6.0%
2,39460,"Punta Gorda, FL Metro Area",26.904,-81.9881,7.9%
2,39380,"Pueblo, CO Metro Area",38.1285,-104.5533,5.1%
2,39300,"Providence-Warwick, RI-MA Metro Area",41.6397,-71.3161,5.4%
2,38860,"Portland-South Portland, ME Metro Area",43.5441,-70.5308,6.0%
2,38540,"Pocatello, ID Metro Area",42.6399,-112.1631,5.2%
2,38340,"Pittsfield, MA Metro Area",42.3915,-73.2021,5.8%
2,38220,"Pine Bluff, AR Metro Area",34.0987,-91.8369,6.5%
2,37980,"Philadelphia-Camden-Wilmington, PA-NJ-DE-MD Metro Area",39.9494,-75.2383,5.6%
2,37900,"Peoria, IL Metro Area",40.7761,-89.4577,7.5%
2,36780,"Oshkosh-Neenah, WI Metro Area",44.0684,-88.6451,5.8%
2,36540,"Omaha-Council Bluffs, NE-IA Metro Area",41.3245,-96.0317,7.5%
2,36420,"Oklahoma City, OK Metro Area",35.4226,-97.724,6.6%
2,36220,"Odessa, TX Metro Area",31.8707,-102.5429,5.1%
2,35840,"North Port-Sarasota-Bradenton, FL Metro Area",27.2972,-82.3447,7.4%
2,35660,"Niles-Benton Harbor, MI Metro Area",42.0017,-86.6862,6.2%
2,35620,"New York-Newark-Jersey City, NY-NJ-PA Metro Area",40.778,-73.7087,5.4%
2,35300,"New Haven-Milford, CT Metro Area",41.3658,-72.8776,5.8%
2,35100,"New Bern, NC Metro Area",35.0996,-77.0357,7.4%
2,34980,"Nashville-Davidson--Murfreesboro--Franklin, TN Metro Area",36.0303,-86.7925,7.8%
2,34900,"Napa, CA Metro Area",38.5096,-122.326,5.2%
2,34820,"Myrtle Beach-Conway-North Myrtle Beach, SC-NC Metro Area",33.9705,-78.2911,8.0%
2,34740,"Muskegon, MI Metro Area",43.2958,-86.587,7.0%
2,34580,"Mount Vernon-Anacortes, WA Metro Area",48.4768,-121.9059,7.8%
2,34100,"Morristown, TN Metro Area",36.1207,-83.4366,5.8%
2,34060,"Morgantown, WV Metro Area",39.4582,-79.7187,5.8%
2,33860,"Montgomery, AL Metro Area",32.3654,-86.407,6.3%
2,33740,"Monroe, LA Metro Area",32.6366,-92.1696,6.4%
2,33460,"Minneapolis-St. Paul-Bloomington, MN-WI Metro Area",45.2214,-93.5043,7.2%
2,33340,"Milwaukee-Waukesha-West Allis, WI Metro Area",43.1933,-87.8277,5.9%
2,33220,"Midland, MI Metro Area",43.6447,-84.3875,7.4%
2,33100,"Miami-Fort Lauderdale-West Palm Beach, FL Metro Area",26.0551,-80.4596,7.3%
2,32900,"Merced, CA Metro Area",37.187,-120.6093,6.3%
2,32820,"Memphis, TN-MS-AR Metro Area",35.0381,-89.7993,6.0%
2,31860,"Mankato-North Mankato, MN Metro Area",44.1527,-94.0685,5.4%
2,31700,"Manchester-Nashua, NH Metro Area",42.952,-71.7201,6.1%
2,31540,"Madison, WI Metro Area",43.0719,-89.7202,6.7%
2,31460,"Madera, CA Metro Area",37.2706,-119.6356,7.3%
2,31420,"Macon-Bibb County, GA Metro Area",32.8283,-83.7458,6.4%
2,31340,"Lynchburg, VA Metro Area",37.4101,-79.2122,7.0%
2,31180,"Lubbock, TX Metro Area",33.3967,-101.6791,5.9%
2,31140,"Louisville/Jefferson County, KY-IN Metro Area",38.3188,-85.6272,6.7%
2,30980,"Longview, TX Metro Area",32.374,-94.7391,5.9%
2,30860,"Logan, UT-ID Metro Area",41.8997,-111.7921,5.9%
2,30780,"Little Rock-North Little Rock-Conway, AR Metro Area",34.7137,-92.3347,6.6%
2,30700,"Lincoln, NE Metro Area",40.7851,-96.9161,6.7%
2,30620,"Lima, OH Metro Area",40.7818,-84.1386,7.6%
2,30340,"Lewiston-Auburn, ME Metro Area",44.1965,-70.2031,7.7%
2,30300,"Lewiston, ID-WA Metro Area",46.2432,-117.0514,7.1%
2,30140,"Lebanon, PA Metro Area",40.3753,-76.4431,5.3%
2,29940,"Lawrence, KS Metro Area",38.904,-95.2783,6.7%
2,29740,"Las Cruces, NM Metro Area",32.4179,-106.8377,6.2%
2,29620,"Lansing-East Lansing, MI Metro Area",42.7676,-84.6157,6.0%
2,29540,"Lancaster, PA Metro Area",40.0186,-76.2338,6.7%
2,29420,"Lake Havasu City-Kingman, AZ Metro Area",35.6056,-113.9942,7.8%
2,29200,"Lafayette-West Lafayette, IN Metro Area",40.476,-86.8142,7.7%
2,29180,"Lafayette, LA Metro Area",29.9277,-92.1272,5.2%
2,29100,"La Crosse-Onalaska, WI-MN Metro Area",43.7953,-91.3207,5.9%
2,29020,"Kokomo, IN Metro Area",40.4713,-86.1192,6.5%
2,28940,"Knoxville, TN Metro Area",36.0263,-84.2164,6.8%
2,28660,"Killeen-Temple, TX Metro Area",31.2315,-97.9026,7.4%
2,28420,"Kennewick-Richland, WA Metro Area",46.2878,-119.345,5.7%
2,28140,"Kansas City, MO-KS Metro Area",38.9071,-94.585,6.9%
2,28100,"Kankakee, IL Metro Area",41.1467,-87.8844,5.8%
2,28020,"Kalamazoo-Portage, MI Metro Area",42.2448,-86.1915,7.9%
2,27980,"Kahului-Wailuku-Lahaina, HI Metro Area",20.7753,-156.2914,6.8%
2,27900,"Joplin, MO Metro Area",37.0551,-94.3384,6.4%
2,27860,"Jonesboro, AR Metro Area",35.7168,-90.662,5.8%
2,27780,"Johnstown, PA Metro Area",40.4843,-78.7335,5.3%
2,27620,"Jefferson City, MO Metro Area",38.6763,-91.9296,6.3%
2,27500,"Janesville-Beloit, WI Metro Area",42.6687,-89.072,5.7%
2,27180,"Jackson, TN Metro Area",35.6235,-88.8414,5.3%
2,27140,"Jackson, MS Metro Area",32.3537,-90.1804,5.0%
2,27100,"Jackson, MI Metro Area",42.2474,-84.4239,7.9%
2,27060,"Ithaca, NY Metro Area",42.4431,-76.4726,5.0%
2,26980,"Iowa City, IA Metro Area",41.5122,-91.5984,7.6%
2,26900,"Indianapolis-Carmel-Anderson, IN Metro Area",39.7141,-86.3223,7.4%
2,26820,"Idaho Falls, ID Metro Area",43.6268,-112.6883,7.0%
2,26620,"Huntsville, AL Metro Area",34.7373,-86.7585,6.9%
2,26580,"Huntington-Ashland, WV-KY-OH Metro Area",38.3457,-82.3461,5.1%
2,26420,"Houston-The Woodlands-Sugar Land, TX Metro Area",29.6976,-95.3147,6.7%
2,26300,"Hot Springs, AR Metro Area",34.5808,-93.1061,7.8%
2,25940,"Hilton Head Island-Bluffton-Beaufort, SC Metro Area",32.3932,-80.7447,6.5%
2,25860,"Hickory-Lenoir-Morganton, NC Metro Area",35.8348,-81.5015,6.6%
2,25620,"Hattiesburg, MS Metro Area",31.172,-89.2475,5.4%
2,25540,"Hartford-West Hartford-East Hartford, CT Metro Area",41.6081,-72.6305,5.5%
2,25420,"Harrisburg-Carlisle, PA Metro Area",40.3018,-77.1353,6.2%
2,25180,"Hagerstown-Martinsburg, MD-WV Metro Area",39.4937,-78.004,6.7%
2,25060,"Gulfport-Biloxi-Pascagoula, MS Metro Area",30.4381,-89.0415,6.0%
2,24860,"Greenville-Anderson-Mauldin, SC Metro Area",34.7094,-82.4635,6.9%
2,24660,"Greensboro-High Point, NC Metro Area",36.0241,-79.7912,7.6%
2,24340,"Grand Rapids-Wyoming, MI Metro Area",42.9444,-86.1979,6.4%
2,24260,"Grand Island, NE Metro Area",41.0467,-98.2882,7.6%
2,24220,"Grand Forks, ND-MN Metro Area",47.8469,-97.1174,6.0%
2,24140,"Goldsboro, NC Metro Area",35.372,-77.9815,5.9%
2,24020,"Glens Falls, NY Metro Area",43.3747,-73.562,6.3%
2,23900,"Gettysburg, PA Metro Area",39.8949,-77.226,6.1%
2,23580,"Gainesville, GA Metro Area",34.3063,-83.7851,6.1%
2,23540,"Gainesville, FL Metro Area",29.681,-82.5053,7.2%
2,23420,"Fresno, CA Metro Area",36.7463,-119.6363,6.8%
2,23060,"Fort Wayne, IN Metro Area",40.931,-85.0695,7.4%
2,22900,"Fort Smith, AR-OK Metro Area",35.1334,-94.5337,5.3%
2,22540,"Fond du Lac, WI Metro Area",43.741,-88.5229,5.8%
2,22520,"Florence-Muscle Shoals, AL Metro Area",34.7873,-87.7684,6.1%
2,22420,"Flint, MI Metro Area",43.0017,-83.6932,7.7%
2,22380,"Flagstaff, AZ Metro Area",35.6301,-112.0424,6.5%
2,22220,"Fayetteville-Springdale-Rogers, AR-MO Metro Area",36.2585,-94.0987,6.4%
2,22180,"Fayetteville, NC Metro Area",35.0503,-79.0533,8.0%
2,21820,"Fairbanks, AK Metro Area",64.8563,-146.3668,6.8%
2,21780,"Evansville, IN-KY Metro Area",37.9423,-87.6439,5.6%
2,21420,"Enid, OK Metro Area",36.3791,-97.7828,7.8%
2,21340,"El Paso, TX Metro Area",31.316,-105.423,5.8%
2,21300,"Elmira, NY Metro Area",42.1475,-76.7624,5.3%
2,20740,"Eau Claire, WI Metro Area",44.9439,-91.2868,7.4%
2,20260,"Duluth, MN-WI Metro Area",47.3943,-92.4299,7.8%
2,20220,"Dubuque, IA Metro Area",42.4848,-90.8953,7.1%
2,20020,"Dothan, AL Metro Area",31.3837,-85.2498,5.9%
2,19820,"Detroit-Warren-Dearborn, MI Metro Area",42.6774,-83.3276,6.2%
2,19780,"Des Moines-West Des Moines, IA Metro Area",41.5114,-94.0146,7.9%
2,19380,"Dayton, OH Metro Area",39.8754,-84.2681,6.4%
2,19340,"Davenport-Moline-Rock Island, IA-IL Metro Area",41.4233,-90.3903,6.9%
2,19300,"Daphne-Fairhope-Foley, AL Metro Area",30.7327,-87.7626,6.9%
2,19100,"Dallas-Fort Worth-Arlington, TX Metro Area",32.744,-97.0689,7.1%
2,19060,"Cumberland, MD-WV Metro Area",39.4802,-78.8921,6.0%
2,18700,"Corvallis, OR Metro Area",44.4992,-123.4043,6.3%
2,18580,"Corpus Christi, TX Metro Area",27.9401,-97.3848,5.3%
2,18140,"Columbus, OH Metro Area",40.0371,-82.8533,7.6%
2,17980,"Columbus, GA-AL Metro Area",32.4672,-84.8711,6.6%
2,17900,"Columbia, SC Metro Area",34.0403,-81.274,6.3%
2,17460,"Cleveland-Elyria, OH Metro Area",41.6183,-81.6755,5.7%
2,17420,"Cleveland, TN Metro Area",35.1727,-84.6512,7.4%
2,17140,"Cincinnati, OH-KY-IN Metro Area",39.1013,-84.4863,6.8%
2,16980,"Chicago-Naperville-Elgin, IL-IN-WI Metro Area",41.703,-87.9363,6.2%
2,16860,"Chattanooga, TN-GA Metro Area",35.0737,-85.4298,6.1%
2,16820,"Charlottesville, VA Metro Area",37.9026,-78.5249,5.7%
2,16740,"Charlotte-Concord-Gastonia, NC-SC Metro Area",35.2588,-80.889,6.8%
2,16700,"Charleston-North Charleston, SC Metro Area",32.9946,-79.8543,8.0%
2,16620,"Charleston, WV Metro Area",38.2159,-81.5564,5.8%
2,16540,"Chambersburg-Waynesboro, PA Metro Area",40.005,-77.7066,6.0%
2,16180,"Carson City, NV Metro Area",39.1677,-119.7231,8.0%
2,16060,"Carbondale-Marion, IL Metro Area",37.759,-89.1875,6.6%
2,15940,"Canton-Massillon, OH Metro Area",40.7061,-81.2833,6.7%
2,15680,"California-Lexington Park, MD Metro Area",38.1949,-76.559,6.7%
2,15500,"Burlington, NC Metro Area",36.0465,-79.4005,5.6%
2,15380,"Buffalo-Cheektowaga-Niagara Falls, NY Metro Area",43.0374,-78.7361,5.2%
2,15260,"Brunswick, GA Metro Area",31.3451,-81.4428,6.4%
2,14860,"Bridgeport-Stamford-Norwalk, CT Metro Area",41.3084,-73.3137,5.3%
2,14500,"Boulder, CO Metro Area",40.0879,-105.3448,6.7%
2,14460,"Boston-Cambridge-Newton, MA-NH Metro Area",42.5684,-71.1109,5.9%
2,14020,"Bloomington, IN Metro Area",39.233,-86.7131,5.4%
2,14010,"Bloomington, IL Metro Area",40.403,-88.8625,6.1%
2,13980,"Blacksburg-Christiansburg-Radford, VA Metro Area",37.0952,-80.5172,5.2%
2,13900,"Bismarck, ND Metro Area",46.6357,-100.8998,6.6%
2,13820,"Birmingham-Hoover, AL Metro Area",33.4602,-86.8194,7.0%
2,13740,"Billings, MT Metro Area",45.8758,-108.4747,7.9%
2,13140,"Beaumont-Port Arthur, TX Metro Area",30.3465,-94.382,7.1%
2,13020,"Bay City, MI Metro Area",43.7369,-83.9361,7.4%
2,12980,"Battle Creek, MI Metro Area",42.2464,-85.007,5.5%
2,12940,"Baton Rouge, LA Metro Area",30.5351,-91.1555,6.3%
2,12700,"Barnstable Town, MA Metro Area",41.7997,-70.208,5.4%
2,12620,"Bangor, ME Metro Area",45.52,-68.4325,7.8%
2,12580,"Baltimore-Columbia-Towson, MD Metro Area",39.216,-76.6747,5.9%
2,12540,"Bakersfield, CA Metro Area",35.2949,-118.7204,6.5%
2,12060,"Atlanta-Sandy Springs-Roswell, GA Metro Area",33.7311,-84.4002,7.2%
2,12020,"Athens-Clarke County, GA Metro Area",33.9817,-83.1612,7.6%
2,11700,"Asheville, NC Metro Area",35.6051,-82.7324,6.5%
2,11540,"Appleton, WI Metro Area",44.2411,-88.2713,5.3%
2,11500,"Anniston-Oxford-Jacksonville, AL Metro Area",33.7622,-85.842,5.6%
2,11460,"Ann Arbor, MI Metro Area",42.2529,-83.8375,6.7%
2,11260,"Anchorage, AK Metro Area",62.1073,-149.9812,5.3%
2,11180,"Ames, IA Metro Area",42.0355,-93.4652,7.2%
2,11100,"Amarillo, TX Metro Area",35.1882,-102.0644,6.1%
2,10900,"Allentown-Bethlehem-Easton, PA-NJ Metro Area",40.7763,-75.3629,5.8%
2,10740,"Albuquerque, NM Metro Area",35.2415,-106.7266,7.1%
2,10580,"Albany-Schenectady-Troy, NY Metro Area",42.8758,-73.7017,5.0%
2,10540,"Albany, OR Metro Area",44.4968,-122.5258,6.3%
2,10500,"Albany, GA Metro Area",31.5229,-84.045,6.2%
2,10420,"Akron, OH Metro Area",41.1284,-81.3447,5.1%
2,10180,"Abilene, TX Metro Area",32.5202,-99.8793,7.1%
1,49660,"Youngstown-Warren-Boardman, OH-PA Metro Area",41.2008,-80.501,4.9%
1,48700,"Williamsport, PA Metro Area",41.333,-77.0553,3.5%
1,47940,"Waterloo-Cedar Falls, IA Metro Area",42.5578,-92.3184,4.8%
1,47020,"Victoria, TX Metro Area",28.7455,-97.1672,3.6%
1,46660,"Valdosta, GA Metro Area",30.8879,-83.3553,5.0%
1,46340,"Tyler, TX Metro Area",32.4113,-95.246,5.0%
1,46220,"Tuscaloosa, AL Metro Area",33.0453,-87.5739,3.7%
1,45500,"Texarkana, TX-AR Metro Area",33.4821,-94.2347,3.9%
1,45460,"Terre Haute, IN Metro Area",39.5257,-87.273,4.6%
1,44940,"Sumter, SC Metro Area",33.906,-80.3415,4.3%
1,44700,"Stockton-Lodi, CA Metro Area",37.8911,-121.2479,4.1%
1,43580,"Sioux City, IA-NE-SD Metro Area",42.6474,-96.4377,4.0%
1,43100,"Sheboygan, WI Metro Area",43.7185,-87.6387,3.7%
1,42540,"Scranton--Wilkes-Barre--Hazleton, PA Metro Area",41.2768,-75.8782,4.4%
1,42100,"Santa Cruz-Watsonville, CA Metro Area",37.0528,-122.0429,4.5%
1,41860,"San Francisco-Oakland-Hayward, CA Metro Area",37.6888,-122.0651,4.9%
1,41660,"San Angelo, TX Metro Area",31.3904,-100.6915,4.0%
1,40980,"Saginaw, MI Metro Area",43.3487,-84.0339,4.7%
1,40660,"Rome, GA Metro Area",34.3331,-85.1945,5.0%
1,40580,"Rocky Mount, NC Metro Area",35.9394,-77.7743,4.3%
1,40420,"Rockford, IL Metro Area",42.326,-89.0517,4.6%
1,40380,"Rochester, NY Metro Area",43.0717,-77.3205,4.9%
1,40220,"Roanoke, VA Metro Area",37.2914,-80.0466,4.8%
1,39740,"Reading, PA Metro Area",40.4076,-75.9297,4.6%
1,38300,"Pittsburgh, PA Metro Area",40.4467,-79.9094,4.9%
1,37620,"Parkersburg-Vienna, WV Metro Area",39.1532,-81.5332,3.6%
1,37100,"Oxnard-Thousand Oaks-Ventura, CA Metro Area",34.447,-119.0772,4.5%
1,36980,"Owensboro, KY Metro Area",37.6899,-87.1226,5.0%
1,35980,"Norwich-New London, CT Metro Area",41.4646,-72.0528,4.6%
1,35380,"New Orleans-Metairie, LA Metro Area",29.7839,-89.6135,4.6%
1,34620,"Muncie, IN Metro Area",40.2278,-85.3965,3.3%
1,33700,"Modesto, CA Metro Area",37.6057,-120.8871,4.7%
1,33660,"Mobile, AL Metro Area",30.6582,-88.1993,4.6%
1,33540,"Missoula, MT Metro Area",47.1162,-113.9448,4.3%
1,33140,"Michigan City-La Porte, IN Metro Area",41.4993,-86.7273,3.0%
1,32580,"McAllen-Edinburg-Mission, TX Metro Area",26.4089,-98.1861,3.5%
1,31080,"Los Angeles-Long Beach-Anaheim, CA Metro Area",34.0786,-118.3232,4.3%
1,30020,"Lawton, OK Metro Area",34.4589,-98.4007,4.8%
1,29700,"Laredo, TX Metro Area",27.7321,-99.2864,3.6%
1,29340,"Lake Charles, LA Metro Area",30.0083,-93.1892,3.0%
1,28740,"Kingston, NY Metro Area",41.8791,-74.2028,3.7%
1,28700,"Kingsport-Bristol-Bristol, TN-VA Metro Area",36.5855,-82.365,4.8%
1,26380,"Houma-Thibodaux, LA Metro Area",29.4536,-90.6521,4.8%
1,25980,"Hinesville, GA Metro Area",31.8068,-81.6438,4.6%
1,25500,"Harrisonburg, VA Metro Area",38.5283,-78.9404,4.4%
1,25220,"Hammond, LA Metro Area",30.6175,-90.4081,4.6%
1,24780,"Greenville, NC Metro Area",35.5802,-77.3635,3.3%
1,23460,"Gadsden, AL Metro Area",34.0211,-86.0433,2.6%
1,22500,"Florence, SC Metro Area",34.1554,-79.8506,4.8%
1,22140,"Farmington, NM Metro Area",36.5004,-108.3357,2.3%
1,22020,"Fargo, ND-MN Metro Area",46.934,-96.9278,4.9%
1,21500,"Erie, PA Metro Area",42.1824,-80.1407,4.5%
1,21140,"Elkhart-Goshen, IN Metro Area",41.5978,-85.8585,4.0%
1,21060,"Elizabethtown-Fort Knox, KY Metro Area",37.8104,-85.9517,4.4%
1,20940,"El Centro, CA Metro Area",33.0262,-115.3571,3.7%
1,19500,"Decatur, IL Metro Area",39.8549,-88.9817,3.2%
1,19460,"Decatur, AL Metro Area",34.552,-87.1635,3.8%
1,19180,"Danville, IL Metro Area",40.1792,-87.7362,3.2%
1,19140,"Dalton, GA Metro Area",34.7858,-84.8822,3.2%
1,18020,"Columbus, IN Metro Area",39.1931,-85.8842,3.6%
1,16580,"Champaign-Urbana, IL Metro Area",40.3948,-88.1963,4.7%
1,16020,"Cape Girardeau, MO-IL Metro Area",37.2885,-89.7109,3.2%
1,15180,"Brownsville-Harlingen, TX Metro Area",26.1248,-97.4854,4.0%
1,14100,"Bloomsburg-Berwick, PA Metro Area",41.0428,-76.4941,3.8%
1,13780,"Binghamton, NY Metro Area",42.2062,-76.0867,3.8%
1,13380,"Bellingham, WA Metro Area",48.8142,-121.8478,4.9%
1,13220,"Beckley, WV Metro Area",37.8857,-81.1637,4.1%
1,12260,"Augusta-Richmond County, GA-SC Metro Area",33.3936,-82.0247,4.6%
1,12100,"Atlantic City-Hammonton, NJ Metro Area",39.5086,-74.6812,4.0%
1,11020,"Altoona, PA Metro Area",40.4926,-78.3484,4.6%
1,10780,"Alexandria, LA Metro Area",31.3434,-92.5269,4.5%
