"STATION","DATE","AWND","AWND_ATTRIBUTES","CDSD","CDSD_ATTRIBUTES","CLDD","CLDD_ATTRIBUTES","DP01","DP01_ATTRIBUTES","DP10","DP10_ATTRIBUTES","DP1X","DP1X_ATTRIBUTES","DT00","DT00_ATTRIBUTES","DT32","DT32_ATTRIBUTES","DX32","DX32_ATTRIBUTES","DX70","DX70_ATTRIBUTES","DX90","DX90_ATTRIBUTES","DYNT","DYNT_ATTRIBUTES","DYXP","DYXP_ATTRIBUTES","DYXT","DYXT_ATTRIBUTES","EMNT","EMNT_ATTRIBUTES","EMXP","EMXP_ATTRIBUTES","EMXT","EMXT_ATTRIBUTES","HDSD","HDSD_ATTRIBUTES","HTDD","HTDD_ATTRIBUTES","DYFG","DYFG_ATTRIBUTES","DYHF","DYHF_ATTRIBUTES","DYTS","DYTS_ATTRIBUTES","PRCP","PRCP_ATTRIBUTES","TAVG","TAVG_ATTRIBUTES","TMAX","TMAX_ATTRIBUTES","TMIN","TMIN_ATTRIBUTES","TSUN","TSUN_ATTRIBUTES","WDF2","WDF2_ATTRIBUTES","WDF5","WDF5_ATTRIBUTES","WSF2","WSF2_ATTRIBUTES","WSF5","WSF5_ATTRIBUTES"
"USW00094724","1998-01",,,"0.0","W","0.0","3,M",,,,,,,"0","3,M","18","3,M","1","3,M","0","3,M","0","3,M","19980101",",3,M",,,"19980104",",3,M","-12.2","3,M,01,",,,"15.6","3,M,04,",,,"447.6","3,M",,,,,,,,,"2.35","3,M","6.51","3,,,M","-1.81","3,,,M",,,,,,,,,,
"USW00094724","1998-02",,,"0.0","W","0.0","1,M",,,,,,,"0","1,M","18","1,M","2","1,M","0","1,M","0","1,M","19980216",",1,M",,,"19980228","+,1,M","-15.6","1,M,16,",,,"11.1","1,M,28,+",,,"452.7","1,M",,,,,,,,,"1.57","1,M","6.35","1,,,M","-3.22","1,,,M",,,,,,,,,,
"USW00094724","1998-03",,,"0.0","W","0.0",",M",,,,,,,"0",",M","18",",M","1",",M","0",",M","0",",M","19980317",",,M",,,"19980329",",,M","-10.0",",M,17,",,,"20.0",",M,29,",,,"455.7",",M",,,,,,,,,"3.63",",M","7.97",",,,M","-0.70",",,,M",,,,,,,,,,
"USW00094724","1998-04","4.6",",W","0.0","W","0.0",",W","13",",W","9",",W","0",",W","0",",W","10",",W","0",",W","0",",W","0",",W","19980412",",,W","19980402",",,W","19980422",",,W","-6.1",",W,12,","22.1",",,W,02,","18.9",",W,22,",,,"319.8",",W",,,,,,,"81.6",",,,W","7.67",",W","12.84",",,,W","2.50",",,,W",,,"30",",W","30",",W","17.9",",W","23.7",",W"
"USW00094724","1998-05","5.0",",W","0.0","W","0.0","1,W","12",",W","7",",W","1",",W","0","1,W","0","1,W","0","1,W","10","1,W","0","1,W","19980520",",1,W","19980510",",,W","19980518",",1,W","3.3","1,W,20,","34.3",",,W,10,","25.6","1,W,18,",,,"147.9","1,W",,,,,,,"91.6",",,,W","13.40","1,W","18.67","1,,,W","8.13","1,,,W",,,"50",",W","50",",W","16.5",",W","20.6",",W"
"USW00094724","1998-06","4.5",",W","12.4","W","12.4",",W","18",",W","8",",W","3",",W","0",",W","0",",W","0",",W","13",",W","0",",W","19980611",",,W","19980613",",,W","19980626",",,W","3.3",",W,11,","110.0",",,W,13,","27.8",",W,26,",,,"63.4",",W",,,,,,,"234.3",",,,W","16.64",",W","20.86",",,,W","12.41",",,,W",,,"120",",W","10",",W","14.3",",W","19.2",",W"
"USW00094724","1998-07","3.5",",W","71.3","W","58.9","1,W","14",",W","3",",W","0",",W","0","1,W","0","1,W","0","1,W","28","1,W","0","1,W","19980707",",1,W","19980731",",,W","19980722",",1,W","6.7","1,W,07,","23.1",",,W,31,","31.1","1,W,22,","16.9","W","16.9","1,W",,,,,,,"34.7",",,,W","19.73","1,W","25.28","1,,,W","14.18","1,,,W",,,"200",",W","210",",W","12.5",",W","16.1",",W"
"USW00094724","1998-08","3.2",",W","125.4","W","54.1",",W","14",",W","7",",W","2",",W","0",",W","0",",W","0",",W","30",",W","0",",W","19980820","+,,W","19980811",",,W","19980818",",,W","6.1",",W,20,+","30.5",",,W,11,","28.9",",W,18,","35.6","W","18.7",",W",,,,,,,"110.2",",,,W","19.47",",W","25.28",",,,W","13.67",",,,W",,,"210",",W","200",",W","11.2",",W","14.8",",W"
"USW00094724","1998-09","3.7",",W","143.1","W","17.7",",W","12",",W","4",",W","1",",W","0",",W","1",",W","0",",W","23",",W","0",",W","19980924",",,W","19980922",",,W","19980907",",,W","-0.6",",W,24,","34.0",",,W,22,","27.8",",W,07,","108.4","W","72.8",",W",,,,,,,"70.4",",,,W","16.50",",W","22.50",",,,W","10.49",",,,W",,,"280",",W","280",",W","13.0",",W","16.5",",W"
"USW00094724","1998-10","4.7",",W","143.1","W","0.0",",W","8",",W","5",",W","1",",W","0",",W","6",",W","0",",W","3",",W","0",",W","19981007",",,W","19981009",",,W","19981001",",,W","-3.9",",W,07,","56.4",",,W,09,","23.9",",W,01,","315.5","W","207.1",",W",,,,,,,"91.1",",,,W","11.65",",W","16.62",",,,W","6.69",",,,W",,,"310",",W","310",",W","13.0",",W","17.4",",W"
"USW00094724","1998-11","4.5",",W","143.1","W","0.0",",W","5",",W","4",",W","0",",W","0",",W","13",",W","0",",W","0",",W","0",",W","19981109",",,W","19981111",",,W","19981115","+,,W","-6.7",",W,09,","19.3",",,W,11,","16.1",",W,15,+","678.9","W","363.4",",W",,,,,,,"48.2",",,,W","6.22",",W","11.22",",,,W","1.22",",,,W",,,"190",",W","150",",W","15.2",",W","20.1",",W"
"USW00094724","1998-12","4.4",",W","143.1","W","0.0","1,W","9",",W","4",",W","0",",W","0","1,W","17","1,W","3","1,W","0","1,W","0","1,W","19981226",",1,W","19981228",",,W","19981204",",1,W","-15.6","1,W,26,","9.9",",,W,28,","19.4","1,W,04,","1137.0","W","458.1","1,W",,,,,,,"33.3",",,,W","3.06","1,W","8.16","1,,,W","-2.04","1,,,W",,,"310",",W","290",",W","14.3",",W","17.9",",W"
"USW00094724","1999-01","5.2",",W","0.0","W","0.0",",W","14",",W","7",",W","0",",W","0",",W","27",",W","7",",W","0",",W","0",",W","19990131","+,,W","19990103",",,W","19990124",",,W","-16.7",",W,31,+","22.9",",,W,03,","13.9",",W,24,","1726.5","W","589.5",",W",,,,,,,"90.2",",,,W","-0.68",",W","5.27",",,,W","-6.63",",,,W",,,"190",",W","190",",W","20.6",",W","26.8",",W"
"USW00094724","1999-02","5.0",",W","0.0","W","0.0",",W","14",",W","6",",W","0",",W","0",",W","24",",W","2",",W","0",",W","0",",W","19990201",",,W","19990228",",,W","19990203",",,W","-15.6",",W,01,","22.6",",,W,28,","13.9",",W,03,","2227.7","W","501.2",",W",,,,,,,"63.3",",,,W","0.43",",W","5.83",",,,W","-4.96",",,,W",,,"200",",W","360",",W","14.8",",W","19.7",",W"
"USW00094724","1999-03","6.2",",W","0.0","W","0.0",",W","13",",W","9",",W","0",",W","0",",W","19",",W","1",",W","0",",W","0",",W","19990308",",,W","19990324",",,W","19990331",",,W","-9.4",",W,08,","25.1",",,W,24,","18.9",",W,31,","2694.0","W","466.3",",W",,,,,,,"98.1",",,,W","3.29",",W","8.25",",,,W","-1.66",",,,W",,,"150",",W","150",",W","19.7",",W","24.1",",W"
"USW00094724","1999-04","4.7",",W","0.0","W","0.0",",W","10",",W","6",",W","0",",W","0",",W","10",",W","0",",W","0",",W","0",",W","19990411",",,W","19990423",",,W","19990401",",,W","-5.0",",W,11,","17.3",",,W,23,","19.4",",W,01,","3014.9","W","320.9",",W",,,,,,,"53.4",",,,W","7.64",",W","13.49",",,,W","1.78",",,,W",,,"220",",W","40",",W","13.9",",W","17.0",",W"
"USW00094724","1999-05","4.2",",W","0.0","W","0.0",",W","10",",W","4",",W","2",",W","0",",W","6",",W","0",",W","8",",W","0",",W","19990501",",,W","19990503",",,W","19990531","+,,W","-3.9",",W,01,","41.9",",,W,03,","27.2",",W,31,+","3182.0","W","167.1",",W",,,,,,,"96.7",",,,W","12.94",",W","19.37",",,,W","6.51",",,,W",,,"180",",W","190",",W","13.4",",W","16.1",",W"
"USW00094724","1999-06","4.1",",W","55.3","W","55.3","4,W","10",",W","2",",W","0",",W","0","4,W","0","4,W","0","4,W","22","4,W","1","4,W","19990605",",4,W","19990614",",,W","19990615",",4,W","4.4","4,W,05,","4.1",",,W,14,","32.8","4,W,15,","3209.3","W","27.3","4,W",,,,,,,"11.4",",,,W","19.41","4,W","24.61","4,,,W","14.21","4,,,W",,,"80",",W","210",",W","10.3",",W","13.0",",W"
"USW00094724","1999-07","3.8",",W","186.2","W","130.9",",W","7",",W","4",",W","0",",W","0",",W","0",",W","0",",W","30",",W","3",",W","19990714",",,W","19990713",",,W","19990706",",,W","6.1",",W,14,","25.1",",,W,13,","34.4",",W,06,","11.4","W","11.4",",W",,,,,,,"39.6",",,,W","22.19",",W","27.85",",,,W","16.53",",,,W",,,"200",",W","210",",W","13.4",",W","16.5",",W"
"USW00094724","1999-08","3.8","2,W","251.5","W","65.3","2,W","14",",W","5",",W","3",",W","0","2,W","0","2,W","0","2,W","26","2,W","0","2,W","19990820",",2,W","19990827",",,W","19990801",",2,W","6.7","2,W,20,","35.6",",,W,27,","30.6","2,W,01,","27.0","W","15.6","2,W",,,,,,,"135.3",",,,W","20.05","2,W","25.13","2,,,W","14.96","2,,,W",,,"200","2,W","250",",W","15.2","2,W","22.8",",W"
"USW00094724","1999-09","4.0",",W","290.2","W","38.7",",W","14",",W","5",",W","1",",W","0",",W","0",",W","0",",W","26",",W","0",",W","19990927",",,W","19990910",",,W","19990907","+,,W","2.8",",W,27,","41.4",",,W,10,","27.2",",W,07,+","81.4","W","54.4",",W",,,,,,,"93.0",",,,W","17.81",",W","23.53",",,,W","12.08",",,,W",,,"190",",W","190",",W","19.7",",W","23.2",",W"
"USW00094724","1999-10","4.4",",W","290.2","W","0.0","1,W","11",",W","8",",W","2",",W","0","1,W","11","1,W","0","1,W","2","1,W","0","1,W","19991008",",1,W","19991018",",,W","19991003",",1,W","-3.3","1,W,08,","56.1",",,W,18,","22.8","1,W,03,","311.1","W","229.7","1,W",,,,,,,"148.1",",,,W","10.68","1,W","16.86","1,,,W","4.49","1,,,W",,,"350",",W","360",",W","16.5",",W","22.8",",W"
"USW00094724","1999-11","5.2",",W","290.2","W","0.0",",W","15",",W","5",",W","1",",W","0",",W","10",",W","0",",W","0",",W","0",",W","19991112",",,W","19991103",",,W","19991110",",,W","-5.6",",W,12,","27.9",",,W,03,","20.6",",W,10,","609.2","W","298.1",",W",,,,,,,"64.9",",,,W","8.40",",W","13.37",",,,W","3.42",",,,W",,,"360",",W","360",",W","14.3",",W","19.2",",W"
"USW00094724","1999-12","4.9",",W","290.2","W","0.0",",W","7",",W","4",",W","0",",W","0",",W","21",",W","2",",W","0",",W","0",",W","19991225",",,W","19991206",",,W","19991205",",,W","-15.6",",W,25,","25.1",",,W,06,","15.0",",W,05,","1099.9","W","490.7",",W",,,,,,,"66.3",",,,W","2.50",",W","7.52",",,,W","-2.52",",,,W",,,"290",",W","290",",W","15.2",",W","20.1",",W"
"USW00094724","2000-01","6.0",",W","0.0","W","0.0",",W","10",",W","6",",W","1",",W","3",",W","25",",W","12",",W","0",",W","0",",W","20000116",",,W","20000125",",,W","20000103",",,W","-20.6",",W,16,","28.7",",,W,25,","15.0",",W,03,","1731.0","W","631.1",",W",,,,,,,"75.0",",,,W","-2.03",",W","3.44",",,,W","-7.49",",,,W",,,"50",",W","20",",W","16.5",",W","20.6",",W"
"USW00094724","2000-02","4.9",",W","0.0","W","0.0",",W","10",",W","6",",W","0",",W","0",",W","21",",W","3",",W","0",",W","0",",W","20000218",",,W","20000214",",,W","20000224",",,W","-13.9",",W,18,","16.8",",,W,14,","14.4",",W,24,","2236.2","W","505.2",",W",,,,,,,"57.5",",,,W","0.91",",W","5.32",",,,W","-3.49",",,,W",,,"210",",W","200",",W","13.4",",W","17.9",",W"
"USW00094724","2000-03","5.5",",W","0.0","W","0.0",",W","10",",W","4",",W","1",",W","0",",W","17",",W","1",",W","0",",W","0",",W","20000314",",,W","20000317",",,W","20000326",",,W","-9.4",",W,14,","65.3",",,W,17,","17.2",",W,26,","2656.3","W","420.1",",W",,,,,,,"108.4",",,,W","4.78",",W","10.02",",,,W","-0.46",",,,W",,,"130",",W","130",",W","15.2",",W","20.6",",W"
"USW00094724","2000-04","5.7",",W","0.0","W","0.0",",W","18",",W","12",",W","3",",W","0",",W","8",",W","0",",W","0",",W","0",",W","20000414",",,W","20000422",",,W","20000416","+,,W","-5.0",",W,14,","48.8",",,W,22,","17.8",",W,16,+","2986.0","W","329.7",",W",,,,,,,"187.6",",,,W","7.34",",W","11.69",",,,W","3.00",",,,W",,,"160",",W","160",",W","16.5",",W","22.8",",W"
"USW00094724","2000-05","4.7",",W","2.8","W","2.8",",W","14",",W","5",",W","0",",W","0",",W","1",",W","0",",W","7",",W","0",",W","20000501",",,W","20000524",",,W","20000508",",,W","-5.0",",W,01,","15.7",",,W,24,","30.0",",W,08,","3170.2","W","184.2",",W",,,,,,,"53.1",",,,W","12.48",",W","17.97",",,,W","6.99",",,,W",,,"190",",W","220",",W","15.2",",W","19.2",",W"
"USW00094724","2000-06","4.3","3,W","27.0","W","24.2","2,W","12","2,W","5","2,W","1","2,W","0","2,W","0","2,W","0","2,W","20","2,W","0","2,W","20000604",",2,W","20000606",",2,W","20000624","+,2,W","3.9","2,W,04,","27.7","2,,W,06,","26.7","2,W,24,+","3228.7","W","58.5","2,W",,,,,,,"73.4","2,,,W","17.11","2,W","22.01","2,,,W","12.20","2,,,W",,,"20","2,W","360","2,W","14.3","2,W","20.1","2,W"
"USW00094724","2000-07","3.8",",W","60.6","W","33.6",",W","15",",W","5",",W","0",",W","0",",W","0",",W","0",",W","28",",W","0",",W","20000721",",,W","20000726",",,W","20000713","+,,W","6.1",",W,21,","24.9",",,W,26,","28.3",",W,13,+","20.4","W","20.4",",W",,,,,,,"96.0",",,,W","18.76",",W","23.97",",,,W","13.55",",,,W",,,"110",",W","110",",W","11.6",",W","16.1",",W"
"USW00094724","2000-08","3.5",",W","115.9","W","55.3",",W","19",",W","9",",W","5",",W","0",",W","0",",W","0",",W","31",",W","0",",W","20000821","+,,W","20000815",",,W","20000808",",,W","6.1",",W,21,+","50.0",",,W,15,","28.3",",W,08,","47.6","W","27.2",",W",,,,,,,"221.4",",,,W","19.24",",W","24.13",",,,W","14.35",",,,W",,,"280",",W","280",",W","11.6",",W","19.2",",W"
"USW00094724","2000-09","3.7",",W","140.3","W","24.4",",W","17",",W","6",",W","0",",W","0",",W","2",",W","0",",W","17",",W","0",",W","20000930",",,W","20000915",",,W","20000902","+,,W","-1.7",",W,30,","20.1",",,W,15,","27.2",",W,02,+","145.3","W","97.7",",W",,,,,,,"58.6",",,,W","15.89",",W","21.45",",,,W","10.32",",,,W",,,"20",",W","350",",W","11.2",",W","14.8",",W"
"USW00094724","2000-10","4.1",",W","140.9","W","0.6",",W","11",",W","5",",W","0",",W","0",",W","4",",W","0",",W","4",",W","0",",W","20001024",",,W","20001009",",,W","20001015",",,W","-2.8",",W,24,","16.3",",,W,09,","25.0",",W,15,","382.0","W","236.7",",W",,,,,,,"43.5",",,,W","10.71",",W","16.49",",,,W","4.94",",,,W",,,"330",",W","330",",W","13.4",",W","17.0",",W"
"USW00094724","2000-11","4.7",",W","140.9","W","0.0",",W","9",",W","6",",W","0",",W","0",",W","8",",W","1",",W","0",",W","0",",W","20001125",",,W","20001110",",,W","20001103","+,,W","-14.4",",W,25,","17.5",",,W,10,","16.1",",W,03,+","753.1","W","371.1",",W",,,,,,,"58.4",",,,W","5.96",",W","9.95",",,,W","1.98",",,,W",,,"120",",W","110",",W","13.9",",W","17.4",",W"
"USW00094724","2000-12","5.3",",W","140.9","W","0.0","1,W","11",",W","6",",W","0",",W","0","1,W","28","1,W","8","1,W","0","1,W","0","1,W","20001210",",1,W","20001214",",,W","20001217",",1,W","-15.6","1,W,10,","23.9",",,W,14,","13.9","1,W,17,","1339.2","W","586.1","1,W",,,,,,,"72.1",",,,W","-1.21","1,W","3.69","1,,,W","-6.10","1,,,W",,,"170",",W","230",",W","20.1",",W","26.4",",W"
"USW00094724","2001-01","3.8",",W","0.0","W","0.0",",W","10",",W","6",",W","0",",W","0",",W","30",",W","4",",W","0",",W","0",",W","20010113",",,W","20010120",",,W","20010131",",,W","-14.4",",W,13,","19.3",",,W,20,","11.1",",W,31,","1946.0","W","606.8",",W",,,,,,,"72.4",",,,W","-1.24",",W","3.17",",,,W","-5.65",",,,W",,,"330",",W","330",",W","16.1",",W","20.6",",W"
"USW00094724","2001-02","5.2",",W","0.0","W","0.0",",W","12",",W","4",",W","0",",W","0",",W","26",",W","4",",W","0",",W","0",",W","20010212",",,W","20010205",",,W","20010210",",,W","-13.3",",W,12,","21.6",",,W,05,","11.7",",W,10,","2465.5","W","519.5",",W",,,,,,,"52.2",",,,W","-0.22",",W","5.02",",,,W","-5.46",",,,W",,,"310",",W","280",",W","14.8",",W","20.6",",W"
"USW00094724","2001-03","5.3",",W","0.0","W","0.0",",W","12",",W","8",",W","2",",W","0",",W","21",",W","2",",W","0",",W","0",",W","20010302",",,W","20010330",",,W","20010320","+,,W","-10.6",",W,02,","70.4",",,W,30,","11.7",",W,20,+","2970.6","W","505.1",",W",,,,,,,"205.5",",,,W","2.04",",W","6.23",",,,W","-2.15",",,,W",,,"90",",W","90",",W","21.5",",W","25.0",",W"
"USW00094724","2001-04","4.4",",W","0.0","W","0.0",",W","12",",W","4",",W","0",",W","0",",W","16",",W","0",",W","0",",W","0",",W","20010404",",,W","20010412",",,W","20010430",",,W","-6.7",",W,04,","21.3",",,W,12,","20.0",",W,30,","3320.8","W","350.2",",W",,,,,,,"71.6",",,,W","6.66",",W","12.48",",,,W","0.84",",,,W",,,"10",",W","250",",W","11.2",",W","14.8",",W"
"USW00094724","2001-05","4.4",",W","8.1","W","8.1",",W","9",",W","4",",W","1",",W","0",",W","5",",W","0",",W","9",",W","0",",W","20010507",",,W","20010524",",,W","20010503",",,W","-6.1",",W,07,","34.5",",,W,24,","31.7",",W,03,","3485.2","W","164.4",",W",,,,,,,"88.9",",,,W","13.29",",W","19.47",",,,W","7.11",",,,W","0","4,W","60",",W","320",",W","11.6",",W","15.6",",W"
"USW00094724","2001-06","3.8",",W","56.7","W","48.6",",W","18",",W","3",",W","1",",W","0",",W","0",",W","0",",W","26",",W","0",",W","20010601",",,W","20010626",",,W","20010628",",,W","0.6",",W,01,","27.9",",,W,26,","30.6",",W,28,","3509.5","W","24.3",",W",,,,,,,"56.7",",,,W","19.15",",W","24.37",",,,W","13.92",",,,W",,,"150",",W","170",",W","12.5",",W","14.3",",W"
"USW00094724","2001-07","3.4",",W","94.7","W","38.0",",W","13",",W","5",",W","0",",W","0",",W","0",",W","0",",W","30",",W","0",",W","20010721",",,W","20010726",",,W","20010725",",,W","5.0",",W,21,","23.1",",,W,26,","30.0",",W,25,","41.5","W","41.5",",W",,,,,,,"82.9",",,,W","18.22",",W","23.87",",,,W","12.56",",,,W",,,"300",",W","310",",W","12.5",",W","17.4",",W"
"USW00094724","2001-08","3.2",",W","194.5","W","99.8",",W","16",",W","7",",W","2",",W","0",",W","0",",W","0",",W","31",",W","1",",W","20010826",",,W","20010820",",,W","20010809",",,W","5.0",",W,26,","39.1",",,W,20,","32.8",",W,09,","53.1","W","11.6",",W",,,,,,,"129.4",",,,W","21.18",",W","25.88",",,,W","16.47",",,,W",,,"210",",W","210",",W","10.7",",W","14.8",",W"
"USW00094724","2001-09","3.5",",W","214.9","W","20.4",",W","17",",W","5",",W","0",",W","0",",W","0",",W","0",",W","20",",W","0",",W","20010916",",,W","20010921",",,W","20010910","+,,W","1.1",",W,16,","16.8",",,W,21,","26.7",",W,10,+","136.2","W","83.1",",W",,,,,,,"42.1",",,,W","16.24",",W","22.07",",,,W","10.41",",,,W",,,"60",",W","60",",W","13.9",",W","17.4",",W"
"USW00094724","2001-10","4.6",",W","218.0","W","3.1",",W","13",",W","3",",W","0",",W","0",",W","6",",W","0",",W","8",",W","0",",W","20011029",",,W","20011001",",,W","20011004",",,W","-5.6",",W,29,","18.3",",,W,01,","23.9",",W,04,","348.0","W","211.8",",W",,,,,,,"37.9",",,,W","11.60",",W","17.84",",,,W","5.36",",,,W","0","3,","200",",W","140",",W","13.0",",W","16.5",",W"
"USW00094724","2001-11","4.6",",W","218.0","W","0.0",",W","9",",W","2",",W","0",",W","0",",W","8",",W","0",",W","0",",W","0",",W","20011113",",,W","20011105",",,W","20011102",",,W","-11.1",",W,13,","4.3",",,W,05,","20.0",",W,02,","634.7","W","286.7",",W",,,,,,,"15.2",",,,W","8.78",",W","13.98",",,,W","3.57",",,,W",,,"330",",W","360",",W","15.6",",W","16.5",",W"
"USW00094724","2001-12","4.3",",W","218.0","W","0.0",",W","15",",W","9",",W","0",",W","0",",W","20",",W","0",",W","0",",W","0",",W","20011223",",,W","20011218",",,W","20011206","+,,W","-10.0",",W,23,","23.4",",,W,18,","18.3",",W,06,+","1055.4","W","420.7",",W",,,,,,,"86.3",",,,W","4.76",",W","9.47",",,,W","0.05",",,,W",,,"320",",W","320",",W","13.0",",W","16.5",",W"
"USW00094724","2002-01","4.7",",W","0.0","W","0.0",",W","13",",W","9",",W","1",",W","0",",W","18",",W","0",",W","0",",W","0",",W","20020101",",,W","20020113",",,W","20020129",",,W","-10.6",",W,01,","40.9",",,W,13,","14.4",",W,29,","1545.8","W","490.4",",W",,,,,,,"109.5",",,,W","2.51",",W","6.85",",,,W","-1.83",",,,W","0","2,W","290",",W","290",",W","15.6",",W","22.8",",W"
"USW00094724","2002-02","4.8",",W","0.0","W","0.0",",W","9",",W","6",",W","0",",W","0",",W","23",",W","0",",W","0",",W","0",",W","20020212",",,W","20020221",",,W","20020226",",,W","-13.3",",W,12,","11.2",",,W,21,","13.3",",W,26,","2026.6","W","480.8",",W",,,,,,,"34.9",",,,W","1.16",",W","7.31",",,,W","-4.98",",,,W","0",",W","200",",W","200",",W","19.2",",W","23.7",",W"
"USW00094724","2002-03","5.5",",W","0.0","W","0.0",",W","12",",W","9",",W","1",",W","0",",W","18",",W","1",",W","0",",W","0",",W","20020301",",,W","20020327",",,W","20020314","+,,W","-12.2",",W,01,","34.5",",,W,27,","16.7",",W,14,+","2457.9","W","431.3",",W",,,,,,,"129.9",",,,W","4.42",",W","9.29",",,,W","-0.45",",,,W","0",",W","200",",W","260",",W","15.6",",W","19.7",",W"
"USW00094724","2002-04","5.0",",W","3.1","W","3.1",",W","13",",W","8",",W","1",",W","0",",W","9",",W","0",",W","5",",W","0",",W","20020405",",,W","20020401",",,W","20020417",",,W","-5.0",",W,05,","27.9",",,W,01,","31.7",",W,17,","2747.7","W","289.8",",W",,,,,,,"96.8",",,,W","8.78",",W","14.12",",,,W","3.44",",,,W",,,"320",",W","310",",W","17.4",",W","23.2",",W"
"USW00094724","2002-05","5.1",",W","4.2","W","1.1",",W","11",",W","6",",W","1",",W","0",",W","3",",W","0",",W","6",",W","0",",W","20020521","+,,W","20020518",",,W","20020524",",,W","-0.6",",W,21,+","37.3",",,W,18,","23.9",",W,24,","2930.7","W","183.0",",W",,,,,,,"91.8",",,,W","12.47",",W","17.46",",,,W","7.47",",,,W","0","1,W","150",",W","150",",W","17.0",",W","21.0",",W"
"USW00094724","2002-06","4.4",",W","22.3","W","18.1","1,W","12",",W","5",",W","0",",W","0","1,W","0","1,W","0","1,W","18","1,W","0","1,W","20020604",",1,W","20020606",",,W","20020629","+,1,W","3.3","1,W,04,","21.8",",,W,06,","26.7","1,W,29,+","3009.3","W","78.6","1,W",,,,,,,"82.8",",,,W","16.25","1,W","21.34","1,,,W","11.15","1,,,W","0","2,W","50",",W","60",",W","13.4",",W","17.4",",W"
"USW00094724","2002-07","3.9",",W","111.5","W","89.2",",W","11",",W","1",",W","0",",W","0",",W","0",",W","0",",W","30",",W","6",",W","20020712",",,W","20020706",",,W","20020730",",,W","5.0",",W,12,","3.8",",,W,06,","33.3",",W,30,","18.4","W","18.4",",W",,,,,,,"10.4",",,,W","20.62",",W","26.06",",,,W","15.17",",,,W","0","1,","220",",W","210",",W","11.6",",W","15.6",",W"
"USW00094724","2002-08","4.0",",W","216.7","W","105.2",",W","16",",W","2",",W","1",",W","0",",W","0",",W","0",",W","30",",W","3",",W","20020822",",,W","20020829",",,W","20020817",",,W","7.8",",W,22,","46.7",",,W,29,","33.3",",W,17,","26.1","W","7.7",",W",,,,,,,"58.6",",,,W","21.48",",W","27.26",",,,W","15.69",",,,W","0","1,W","70",",W","350",",W","10.7",",W","14.3",",W"
"USW00094724","2002-09","4.1",",W","247.6","W","30.9",",W","21",",W","7",",W","3",",W","0",",W","0",",W","0",",W","23",",W","0",",W","20020930",",,W","20020902",",,W","20020910",",,W","2.2",",W,30,","44.7",",,W,02,","27.2",",W,10,","72.6","W","46.5",",W",,,,,,,"160.2",",,,W","17.81",",W","23.01",",,,W","12.61",",,,W","0","2,W","320",",W","320",",W","16.1",",W","21.0",",W"
"USW00094724","2002-10","4.6",",W","256.0","W","8.4",",W","8",",W","6",",W","1",",W","0",",W","9",",W","0",",W","5",",W","0",",W","20021031",",,W","20021016",",,W","20021005","+,,W","-3.9",",W,31,","28.2",",,W,16,","25.6",",W,05,+","318.0","W","245.4",",W",,,,,,,"74.6",",,,W","10.69",",W","16.05",",,,W","5.33",",,,W","0","2,W","110",",W","120",",W","16.1",",W","19.7",",W"
"USW00094724","2002-11","5.5",",W","256.0","W","0.0",",W","19",",W","17",",W","0",",W","0",",W","13",",W","1",",W","0",",W","0",",W","20021103",",,W","20021113",",,W","20021111",",,W","-7.8",",W,03,","23.6",",,W,13,","19.4",",W,11,","676.8","W","358.8",",W",,,,,,,"159.1",",,,W","6.37",",W","10.94",",,,W","1.80",",,,W",,,"60",",W","260",",W","15.6",",W","20.6",",W"
"USW00094724","2002-12","5.2",",W","256.0","W","0.0",",W","13",",W","8",",W","1",",W","0",",W","24",",W","2",",W","0",",W","0",",W","20021207",",,W","20021214",",,W","20021220",",,W","-13.9",",W,07,","34.8",",,W,14,","13.3",",W,20,","1220.6","W","543.8",",W",,,,,,,"122.2",",,,W","0.79",",W","5.37",",,,W","-3.79",",,,W","0",",W","330",",W","330",",W","15.6",",W","21.0",",W"
"USW00094724","2003-01","5.5",",W","0.0","W","0.0",",W","11",",W","4",",W","0",",W","1",",W","28",",W","16",",W","0",",W","0",",W","20030118",",,W","20030101",",,W","20030101",",,W","-18.9",",W,18,","14.0",",,W,01,","10.0",",W,01,","1886.5","W","665.9",",W",,,,,,,"54.4",",,,W","-3.15",",W","0.46",",,,W","-6.76",",,,W","0","1,W","20",",W","10",",W","16.1",",W","19.7",",W"
"USW00094724","2003-02","5.3",",W","0.0","W","0.0",",W","10",",W","7",",W","1",",W","0",",W","23",",W","11",",W","0",",W","0",",W","20030214",",,W","20030222",",,W","20030223","+,,W","-16.7",",W,14,","42.2",",,W,22,","8.9",",W,23,+","2472.1","W","585.6",",W",,,,,,,"98.6",",,,W","-2.58",",W","1.10",",,,W","-6.26",",,,W",,,"60",",W","280",",W","16.1",",W","21.0",",W"
"USW00094724","2003-03","4.7",",W","0.0","W","0.0",",W","8",",W","5",",W","2",",W","0",",W","22",",W","3",",W","0",",W","0",",W","20030304",",,W","20030330",",,W","20030317",",,W","-15.6",",W,04,","89.7",",,W,30,","19.4",",W,17,","2976.2","W","504.1",",W",,,,,,,"147.1",",,,W","2.07",",W","7.61",",,,W","-3.47",",,,W","0","1,W","320",",W","300",",W","13.0",",W","17.0",",W"
"USW00094724","2003-04","5.6",",W","0.0","W","0.0",",W","11",",W","7",",W","1",",W","0",",W","11",",W","0",",W","0",",W","0",",W","20030425",",,W","20030411",",,W","20030428",",,W","-6.1",",W,25,","25.4",",,W,11,","20.6",",W,28,","3347.3","W","371.1",",W",,,,,,,"91.0",",,,W","5.96",",W","10.37",",,,W","1.55",",,,W","0","1,W","100",",W","100",",W","17.0",",W","21.5",",W"
"USW00094724","2003-05","4.4",",W","0.0","W","0.0",",W","13",",W","6",",W","0",",W","0",",W","4",",W","0",",W","3",",W","0",",W","20030505",",,W","20030524",",,W","20030519",",,W","-3.3",",W,05,","20.1",",,W,24,","25.6",",W,19,","3569.3","W","222.0",",W",,,,,,,"62.8",",,,W","11.17",",W","16.28",",,,W","6.07",",,,W","0","1,","10",",W","20",",W","13.4",",W","17.4",",W"
"USW00094724","2003-06","3.7",",W",,,,,"15",",W","7",",W","1",",W",,,,,,,,,,,,,"20030601",",,W",,,,,"45.7",",,W,01,",,,,,,,,,,,,,"135.1",",,,W",,,,,,,,,"200",",W","330",",W","11.6",",W","15.6",",W"
"USW00094724","2003-07","3.9",",W",,,"81.2",",W","11",",W","3",",W","1",",W","0",",W","0",",W","0",",W","31",",W","0",",W","20030731",",,W","20030724",",,W","20030706",",,W","8.3",",W,31,","29.0",",,W,24,","30.6",",W,06,","8.7","W","8.7",",W",,,,,,,"41.8",",,,W","20.67",",W","25.91",",,,W","15.43",",,,W","0",",W","200",",W","200",",W","11.6",",W","16.1",",W"
"USW00094724","2003-08","4.0",",W",,,"128.5",",W","10","4,W","6","4,W","1","4,W","0",",W","0",",W","0",",W","31",",W","0",",W","20030831",",,W","20030817",",4,W","20030814",",,W","6.1",",W,31,","49.3","4,,W,17,","30.6",",W,14,","19.4","W","10.7",",W",,,,,,,"94.2","4,,,W","22.13",",W","26.36",",,,W","17.90",",,,W",,,"210",",W","210",",W","11.6",",W","13.9",",W"
"USW00094724","2003-09",,,,,,,"8","5,W","3","5,W","2","5,W",,,,,,,,,,,,,"20030904",",5,W",,,,,"35.8","5,,W,04,",,,,,,,,,,,,,"75.3","5,,,W",,,,,,,,,,,,,,,,
"USW00094724","2003-10","4.5",",W",,,"0.0",",W","12",",W","9",",W","1",",W","0",",W","8",",W","0",",W","2",",W","0",",W","20031025",",,W","20031015",",,W","20031009",",,W","-6.1",",W,25,","26.4",",,W,15,","22.2",",W,09,",,,"241.3",",W",,,,,,,"112.8",",,,W","10.55",",W","16.03",",,,W","5.07",",,,W","0","2,W","260",",W","160",",W","15.6",",W","20.6",",W"
"USW00094724","2003-11","4.9",",W",,,"0.0","1,W","12","1,W","6","1,W","1","1,W","0","1,W","8","1,W","0","1,W","1","1,W","0","1,W","20031110",",1,W","20031105",",1,W","20031103",",1,W","-8.9","1,W,10,","43.2","1,,W,05,","21.1","1,W,03,",,,"308.3","1,W",,,,,,,"99.7","1,,,W","7.70","1,W","12.26","1,,,W","3.14","1,,,W",,,"290","1,W","310","1,W","16.5","1,W","22.8","1,W"
"USW00094724","2003-12","6.0",",W",,,"0.0",",W","10",",W","6",",W","2",",W","0",",W","19",",W","1",",W","0",",W","0",",W","20031203",",,W","20031206",",,W","20031230","+,,W","-8.9",",W,03,","27.9",",,W,06,","12.2",",W,30,+",,,"491.4",",W",,,,,,,"100.2",",,,W","2.48",",W","6.65",",,,W","-1.69",",,,W","0","5,W","60",",W","130",",W","17.4",",W","21.9",",W"
"USW00094724","2004-01","5.7",",W","0.0","W","0.0","3,W","8",",W","4",",W","0",",W","2","3,W","25","3,W","19","3,W","0","3,W","0","3,W","20040116",",3,W","20040118",",,W","20040104",",3,W","-20.6","3,W,16,","12.2",",,W,18,","11.7","3,W,04,",,,"663.8","3,W",,,,,,,"39.2",",,,W","-5.37","3,W","-1.58","3,,,W","-9.16","3,,,W",,,"300",",W","290",",W","14.3",",W","19.2",",W"
"USW00094724","2004-02","4.7",",W","0.0","W","0.0",",W","5",",W","4",",W","1",",W","0",",W","26",",W","6",",W","0",",W","0",",W","20040216",",,W","20040206",",,W","20040229",",,W","-14.4",",W,16,","51.1",",,W,06,","10.0",",W,29,",,,"545.2",",W",,,,,,,"70.7",",,,W","-0.47",",W","4.27",",,,W","-5.20",",,,W","0","3,","330",",W","360",",W","13.4",",W","17.9",",W"
"USW00094724","2004-03","5.4",",W","0.0","W","0.0",",W","12",",W","6",",W","0",",W","0",",W","19",",W","2",",W","0",",W","0",",W","20040323",",,W","20040306",",,W","20040303",",,W","-12.2",",W,23,","12.2",",,W,06,","12.8",",W,03,",,,"490.9",",W",,,,,,,"41.6",",,,W","2.50",",W","6.29",",,,W","-1.29",",,,W",,,"10",",W","290",",W","16.1",",W","21.5",",W"
"USW00094724","2004-04","5.2",",W","0.0","W","0.0",",W","12",",W","7",",W","1",",W","0",",W","11",",W","0",",W","1",",W","0",",W","20040417","+,,W","20040401",",,W","20040420",",,W","-2.8",",W,17,+","33.8",",,W,01,","21.1",",W,20,",,,"322.5",",W",,,,,,,"120.1",",,,W","7.58",",W","12.35",",,,W","2.81",",,,W","0","4,W","20",",W","10",",W","15.6",",W","20.1",",W"
"USW00094724","2004-05","4.3",",W","0.6","W","0.6",",W","12",",W","4",",W","0",",W","0",",W","1",",W","0",",W","7",",W","0",",W","20040505",",,W","20040528",",,W","20040512",",,W","-1.7",",W,05,","24.6",",,W,28,","26.7",",W,12,",,,"157.5",",W",,,,,,,"59.3",",,,W","13.27",",W","18.57",",,,W","7.97",",,,W",,,"200",",W","20",",W","11.6",",W","16.1",",W"
"USW00094724","2004-06","3.9",",B","18.7","W","18.1","2,W","9",",W","5",",W","0",",W","0","2,W","0","2,W","0","2,W","16","2,W","0","2,W","20040613",",2,W","20040601",",,W","20040616","+,2,W","2.2","2,W,13,","6.6",",,W,01,","27.8","2,W,16,+",,,"68.1","2,W",,,,,,,"29.8",",,,W","16.55","2,W","21.65","2,,,W","11.44","2,,,W",,,"60",",W","220",",W","11.2",",W","14.3",",W"
"USW00094724","2004-07","3.9",",W","92.7","W","74.0",",W","10",",W","3",",W","0",",W","0",",W","0",",W","0",",W","30",",W","0",",W","20040712",",,W","20040713",",,W","20040721",",,W","7.8",",W,12,","17.0",",,W,13,","29.4",",W,21,","7.8","W","7.8",",W",,,,,,,"32.2",",,,W","20.47",",W","24.69",",,,W","16.25",",,,W",,,"110",",W","100",",W","10.7",",W","13.9",",W"
"USW00094724","2004-08","4.0",",W","169.7","W","77.0",",W","12",",W","5",",W","2",",W","0",",W","0",",W","0",",W","28",",W","0",",W","20040826",",,W","20040831",",,W","20040830",",,W","3.3",",W,26,","29.2",",,W,31,","28.3",",W,30,","38.2","W","30.4",",W",,,,,,,"87.6",",,,W","19.84",",W","24.44",",,,W","15.23",",,,W","0","2,W","200",",W","210",",W","12.5",",W","15.6",",W"
"USW00094724","2004-09","3.8",",W","191.8","W","22.1",",W","8",",W","6",",W","3",",W","0",",W","0",",W","0",",W","22",",W","0",",W","20040915",",,W","20040929",",,W","20040904",",,W","3.9",",W,15,","72.6",",,W,29,","27.8",",W,04,","105.5","W","67.3",",W",,,,,,,"174.3",",,,W","16.83",",W","22.65",",,,W","11.00",",,,W",,,"50",",W","50",",W","16.5",",W","20.6",",W"
"USW00094724","2004-10","4.1",",W","191.8","W","0.0",",W","10",",W","3",",W","1",",W","0",",W","6",",W","0",",W","3",",W","0",",W","20041028",",,W","20041019",",,W","20041009","+,,W","-6.1",",W,28,","30.2",",,W,19,","21.7",",W,09,+","343.0","W","237.5",",W",,,,,,,"62.4",",,,W","10.67",",W","16.05",",,,W","5.29",",,,W",,,"40",",W","20",",W","12.5",",W","16.5",",W"
"USW00094724","2004-11","4.6",",W","191.8","W","0.0",",W","11",",W","8",",W","2",",W","0",",W","17",",W","0",",W","0",",W","0",",W","20041127",",,W","20041130",",,W","20041125","+,,W","-6.7",",W,27,","39.6",",,W,30,","16.1",",W,25,+","714.0","W","371.0",",W",,,,,,,"139.0",",,,W","5.97",",W","11.53",",,,W","0.40",",,,W",,,"210",",W","310",",W","14.8",",W","19.2",",W"
"USW00094724","2004-12","5.0",",W","191.8","W","0.0","2,W","13",",W","10",",W","0",",W","0","1,W","19","1,W","1","1,W","0","1,W","0","1,W","20041228",",1,W","20041207",",,W","20041208","+,1,W","-14.4","1,W,28,","23.6",",,W,07,","13.9","1,W,08,+","1162.8","W","448.8","1,W",,,,,,,"100.9",",,,W","2.69","2,W","7.83","1,,,W","-2.45","1,,,W",,,"220",",W","210",",W","18.3",",W","25.0",",W"
"USW00094724","2005-01","5.3",",W","0.0","B","0.0",",W","17",",W","6",",W","0",",W","4",",W","25",",W","11",",W","0",",W","0",",W","20050129",",,W","20050108",",,W","20050114",",,W","-20.0",",W,29,","15.2",",,W,08,","14.4",",W,14,","1790.7","B","627.9",",W",,,,,,,"66.2",",,,W","-1.92",",W","2.52",",,,W","-6.36",",,,W","0","2,W","20",",W","360",",W","20.1",",W","26.4",",W"
"USW00094724","2005-02","4.7",",W","0.0","B","0.0",",W","10",",W","2",",W","0",",W","1",",W","24",",W","3",",W","0",",W","0",",W","20050226",",,W","20050210",",,W","20050215",",,W","-17.8",",W,26,","21.3",",,W,10,","12.2",",W,15,","2331.5","B","540.8",",W",,,,,,,"36.9",",,,W","-0.98",",W","3.69",",,,W","-5.65",",,,W",,,"60",",W","50",",W","13.0",",W","16.1",",W"
"USW00094724","2005-03","4.8",",W","0.0","B","0.0",",W","9",",W","4",",W","1",",W","0",",W","27",",W","4",",W","0",",W","0",",W","20050310",",,W","20050328",",,W","20050328",",,W","-12.2",",W,10,","44.2",",,W,28,","10.6",",W,28,","2873.7","B","542.2",",W",,,,,,,"76.1",",,,W","0.84",",W","5.54",",,,W","-3.85",",,,W",,,"290",",W","300",",W","15.6",",W","21.0",",W"
"USW00094724","2005-04","5.2",",W","0.0","B","0.0",",W","10",",W","6",",W","1",",W","0",",W","9",",W","0",",W","1",",W","0",",W","20050417",",,W","20050408",",,W","20050420",",,W","-6.1",",W,17,","28.2",",,W,08,","21.7",",W,20,","3202.9","B","329.2",",W",,,,,,,"98.0",",,,W","7.36",",W","12.86",",,,W","1.86",",,,W",,,"190",",W","140",",W","13.4",",W","17.9",",W"
"USW00094724","2005-05","4.9",",W","0.0","B","0.0",",W","13",",W","11",",W","0",",W","0",",W","3",",W","0",",W","3",",W","0",",W","20050506",",,W","20050524",",,W","20050528",",,W","-1.1",",W,06,","21.6",",,W,24,","23.9",",W,28,","3460.5","B","257.6",",W",,,,,,,"137.4",",,,W","10.02",",W","14.73",",,,W","5.32",",,,W",,,"360",",W","20",",W","19.2",",W","26.4",",W"
"USW00094724","2005-06","3.9",",W","28.5","B","28.5",",W","11",",W","3",",W","1",",W","0",",W","0",",W","0",",W","19",",W","0",",W","20050620",",,W","20050628",",,W","20050614",",,W","4.4",",W,20,","31.0",",,W,28,","28.9",",W,14,","3513.8","B","53.3",",W",,,,,,,"41.6",",,,W","17.51",",W","22.12",",,,W","12.89",",,,W",,,"210",",W","250",",W","9.8",",W","13.0",",W"
"USW00094724","2005-07","3.7",",W","96.6","B","68.1","2,W","9",",W","3",",W","1",",W","0","2,W","0","2,W","0","2,W","26","2,W","0","2,W","20050704",",2,W","20050708",",,W","20050720",",2,W","8.3","2,W,04,","32.5",",,W,08,","31.7","2,W,20,","9.2","B","9.2","2,W",,,,,,,"49.1",",,,W","20.36","2,W","24.97","2,,,W","15.76","2,,,W",,,"210",",W","200",",W","10.7",",W","14.8",",W"
"USW00094724","2005-08","3.6",",B","208.4","B","111.8",",B","10",",B","1",",B","0",",B","0",",B","0",",B","0",",B","31",",B","1",",B","20050819","+,,B","20050830",",,B","20050803",",,B","8.3",",B,19,+","5.8",",,B,30,","32.2",",B,03,","12.8","B","3.6",",B",,,,,,,"10.2",",,,B","21.82",",B","27.49",",,,B","16.15",",,,B",,,"180",",B","180",",B","11.6",",B","14.3",",B"
"USW00094724","2005-09","3.7",",B","254.0","B","45.6",",B","11",",B","5",",B","1",",B","0",",B","1",",B","0",",B","27",",B","0",",B","20050925",",,B","20050916",",,B","20050913","+,,B","0.0",",B,25,","79.8",",,B,16,","28.9",",B,13,+","73.9","B","61.1",",B",,,,,,,"124.9",",,,B","17.82",",B","24.74",",,,B","10.89",",,,B",,,"200",",B","190",",B","12.5",",B","15.6",",B"
"USW00094724","2005-10","5.3",",B","263.5","B","9.5",",B","17",",B","11",",B","2",",B","0",",B","3",",B","0",",B","8",",B","0",",B","20051022",",,B","20051015",",,B","20051007",",,B","-2.2",",B,22,","60.5",",,B,15,","25.6",",B,07,","253.5","B","179.6",",B",,,,,,,"213.1",",,,B","12.84",",B","17.12",",,,B","8.57",",,,B",,,"50",",B","40",",B","19.7",",B","25.9",",B"
"USW00094724","2005-11","5.0",",B","263.5","B","0.0",",B","10",",B","7",",B","1",",B","0",",B","9",",B","0",",B","0",",B","0",",B","20051126","+,,B","20051122",",,B","20051114",",,B","-10.0",",B,26,+","39.4",",,B,22,","20.0",",B,14,","553.6","B","300.1",",B",,,,,,,"126.1",",,,B","8.33",",B","13.51",",,,B","3.15",",,,B",,,"210",",B","230",",B","14.3",",B","19.7",",B"
"USW00094724","2005-12","4.6",",B","263.5","B","0.0",",B","9",",B","5",",B","0",",B","0",",B","25",",B","5",",B","0",",B","0",",B","20051208",",,B","20051216",",,B","20051226","+,,B","-11.7",",B,08,","15.5",",,B,16,","12.2",",B,26,+","1088.5","B","534.9",",B",,,,,,,"33.0",",,,B","1.08",",B","5.21",",,,B","-3.05",",,,B",,,"140",",B","120",",B","16.5",",B","21.5",",B"
"USW00094724","2006-01","5.2",",W","0.0","W","0.0",",W","13",",W","11",",W","2",",W","0",",W","18",",W","1",",W","0",",W","0",",W","20060116","+,,W","20060114",",,W","20060118",",,W","-10.5",",W,16,+","36.8",",,W,14,","13.9",",W,18,","1553.4","W","464.9",",W","22","","7","",,,"140.2",",,,W","3.34",",W","7.51",",,,W","-0.84",",,,W",,,"170",",W","250",",W","17.0",",W","21.0",",W"
"USW00094724","2006-02","5.3","3,W","0.0","W","0.0","2,W","4","1,W","3","1,W","0","1,W","0","2,W","21","2,W","7","2,W","0","2,W","0","2,W","20060228",",2,W","20060203",",1,W","20060205",",2,W","-15.5","2,W,28,","8.4","1,,W,03,","12.8","2,W,05,","2033.1","W","479.7","2,W","8","","5","",,,"21.4","1,,,W","-0.12","2,W","4.45","2,,,W","-4.68","2,,,W",,,"320","2,W","330","2,W","14.8","2,W","18.3","2,W"
"USW00094724","2006-03","4.7",",W","0.0","W","0.0",",W","4",",W","2",",W","0",",W","0",",W","22",",W","1",",W","0",",W","0",",W","20060307",",,W","20060302",",,W","20060330",",,W","-11.0",",W,07,","7.6",",,W,02,","16.1",",W,30,","2522.2","W","489.1",",W","12","","6","",,,"12.2",",,,W","2.55",",W","7.75",",,,W","-2.64",",,,W",,,"210",",W","210",",W","14.3",",W","17.4",",W"
"USW00094724","2006-04","5.3",",W","0.0","W","0.0",",W","12",",W","5",",W","0",",W","0",",W","11",",W","0",",W","0",",W","0",",W","20060422","+,,W","20060408",",,W","20060402",",,W","-4.3",",W,22,+","14.7",",,W,08,","19.4",",W,02,","2840.3","W","318.1",",W","12","","4","",,,"45.4",",,,W","7.73",",W","13.57",",,,W","1.89",",,,W",,,"10",",W","360",",W","13.9",",W","17.9",",W"
"USW00094724","2006-05","5.2",",W","1.6","W","1.6",",W","15",",W","8",",W","1",",W","0",",W","2",",W","0",",W","8",",W","0",",W","20060508",",,W","20060513",",,W","20060530","+,,W","-1.6",",W,08,","50.0",",,W,13,","26.1",",W,30,+","3001.3","W","161.0",",W","25","","11","","1","","147.5",",,,W","13.19",",W","18.05",",,,W","8.34",",,,W",,,"50",",W","60",",W","14.8",",W","18.3",",W"
"USW00094724","2006-06","4.5",",W","32.8","W","31.2",",W","15",",W","11",",W","3",",W","0",",W","0",",W","0",",W","22",",W","0",",W","20060605",",,W","20060607",",,W","20060617",",,W","7.2",",W,05,","70.1",",,W,07,","28.3",",W,17,","3036.8","W","35.5",",W","23","","9","",,,"241.0",",,,W","18.19",",W","22.04",",,,W","14.33",",,,W",,,"70",",W","70",",W","17.9",",W","21.9",",W"
"USW00094724","2006-07","4.3","1,W","150.0","W","117.2","1,W","17","1,W","7","1,W","1","1,W","0","1,W","0","1,W","0",",W","31",",W","0",",W","20060714","+,1,W","20060706",",1,W","20060731","+,,W","13.3","1,W,14,+","33.0","1,,W,06,","29.4",",W,31,+","0.0","W","0.0",",W","25","","8","",,,"72.5","1,,,W","22.23","1,W","26.15",",,,W","18.31","1,,,W",,,"350","1,W","310","1,W","16.1","1,W","19.7","1,W"
"USW00094724","2006-08","3.5","1,W","214.4","W","64.4","1,W","15","1,W","5","1,W","1","1,W","0","1,W","0","1,W","0","1,W","28","1,W","3","1,W","20060813",",1,W","20060828",",1,W","20060802",",1,W","5.6","1,W,13,","34.5","1,,W,28,","34.4","1,W,02,","21.1","W","21.1","1,W","20","","8","",,,"86.3","1,,,W","19.78","1,W","25.80","1,,,W","13.75","1,,,W",,,"200","1,W","190","1,W","10.7","1,W","14.8","1,W"
"USW00094724","2006-09","3.9",",W","221.7","W","7.3",",W","17",",W","8",",W","0",",W","0",",W","0",",W","0",",W","19",",W","0",",W","20060930","+,,W","20060915",",,W","20060909","+,,W","1.7",",W,30,+","10.2",",,W,15,","25.6",",W,09,+","101.1","W","80.0",",W","18","","9","",,,"59.8",",,,W","15.91",",W","21.80",",,,W","10.02",",,,W",,,"80",",W","80",",W","13.4",",W","17.9",",W"
"USW00094724","2006-10","5.1",",W","222.5","W","0.8",",W","9",",W","7",",W","1",",W","0",",W","4",",W","0",",W","5",",W","0",",W","20061016","+,,W","20061028",",,W","20061004",",,W","-2.7",",W,16,+","30.7",",,W,28,","22.2",",W,04,","309.8","W","208.7",",W","15","","5","",,,"60.6",",,,W","11.63",",W","16.77",",,,W","6.49",",,,W",,,"170",",W","250",",W","17.9",",W","40.2",",W"
"USW00094724","2006-11","4.3",",W","222.5","W","0.0",",W","14",",W","7",",W","1",",W","0",",W","7",",W","0",",W","0",",W","0",",W","20061106","+,,W","20061123",",,W","20061101",",,W","-5.5",",W,06,+","57.7",",,W,23,","20.0",",W,01,","587.7","W","277.9",",W","20","","7","",,,"134.9",",,,W","9.07",",W","13.62",",,,W","4.52",",,,W",,,"30",",W","30",",W","15.7",",W","19.7",",W"
"USW00094724","2006-12","4.9",",W","222.5","W","0.0",",W","11",",W","5",",W","0",",W","0",",W","13",",W","0",",W","0",",W","0",",W","20061206",",,W","20061204",",,W","20061201",",,W","-11.0",",W,06,","22.6",",,W,04,","17.8",",W,01,","994.4","W","406.7",",W","11","","2","",,,"70.1",",,,W","5.21",",W","9.83",",,,W","0.60",",,,W",,,"190",",W","190",",W","16.5",",W","21.5",",W"
"USW00094724","2007-01","5.3",",W","0.0","W","0.0",",W","12",",W","6",",W","0",",W","0",",W","18",",W","7",",W","0",",W","0",",W","20070126","+,,W","20070108",",,W","20070106",",,W","-14.9",",W,26,+","24.1",",,W,08,","15.0",",W,06,","1508.6","W","514.2",",W","14","","4","",,,"73.9",",,,W","1.75",",W","5.98",",,,W","-2.49",",,,W",,,"320",",W","310",",W","13.9",",W","18.3",",W"
"USW00094724","2007-02","5.5",",W","0.0","W","0.0",",W","6",",W","5",",W","0",",W","0",",W","27",",W","11",",W","0",",W","0",",W","20070210",",,W","20070202",",,W","20070220","+,,W","-12.1",",W,10,","11.2",",,W,02,","8.3",",W,20,+","2086.6","W","578.0",",W","9","","1","",,,"37.6",",,,W","-2.31",",W","1.52",",,,W","-6.14",",,,W",,,"110",",W","130",",W","17.0",",W","21.9",",W"
"USW00094724","2007-03","5.7",",W","0.0","W","0.0","2,W","11",",W","8",",W","1",",W","0","2,W","19","2,W","4","2,W","0","2,W","0","2,W","20070309",",2,W","20070302",",,W","20070327",",2,W","-16.6","2,W,09,","27.4",",,W,02,","17.8","2,W,27,","2541.2","W","454.6","2,W","17","","5","",,,"100.3",",,,W","2.66","2,W","7.80","2,,,W","-2.48","2,,,W",,,"60",",W","140",",W","16.1",",W","19.7",",W"
"USW00094724","2007-04","5.3",",W","0.0","W","0.0",",W","13",",W","9",",W","3",",W","0",",W","12",",W","0",",W","2",",W","0",",W","20070407",",,W","20070412",",,W","20070424",",,W","-7.7",",W,07,","38.9",",,W,12,","24.4",",W,24,","2904.7","W","363.5",",W","17","","4","",,,"155.6",",,,W","6.22",",W","11.22",",,,W","1.21",",,,W",,,"130",",W","130",",W","19.2",",W","24.1",",W"
"USW00094724","2007-05","4.5",",W","10.0","W","10.0",",W","8",",W","3",",W","1",",W","0",",W","6",",W","0",",W","10",",W","1",",W","20070507",",,W","20070518",",,W","20070525",",,W","-4.3",",W,07,","45.5",",,W,18,","32.2",",W,25,","3090.1","W","185.4",",W","16","","5","",,,"58.1",",,,W","12.67",",W","19.05",",,,W","6.29",",,,W",,,"220",",W","230",",W","13.0",",W","17.0",",W"
"USW00094724","2007-06","4.6",",W","36.8","W","26.8",",W","11",",W","3",",W","0",",W","0",",W","0",",W","0",",W","21",",W","0",",W","20070607",",,W","20070604",",,W","20070628","+,,W","2.8",",W,07,","14.7",",,W,04,","27.8",",W,28,+","3136.5","W","46.4",",W","19","","4","",,,"26.5",",,,W","17.68",",W","22.61",",,,W","12.76",",,,W",,,"120",",W","110",",W","13.0",",W","17.0",",W"
"USW00094724","2007-07","3.9",",W","127.9","W","91.1",",W","18",",W","5",",W","0",",W","0",",W","0",",W","0",",W","30",",W","0",",W","20070702",",,W","20070705",",,W","20070725",",,W","6.1",",W,02,","17.0",",,W,05,","28.9",",W,25,","9.5","W","9.5",",W","24","","15","",,,"50.6",",,,W","20.96",",W","25.69",",,,W","16.24",",,,W",,,"210",",W","210",",W","11.2",",W","14.3",",W"
"USW00094724","2007-08","3.7",",W","203.5","W","75.6",",W","12",",W","3",",W","0",",W","0",",W","0",",W","0",",W","29",",W","0",",W","20070819",",,W","20070810",",,W","20070826","+,,W","6.1",",W,19,","20.1",",,W,10,","30.6",",W,26,+","21.2","W","11.7",",W","23","","12","",,,"39.2",",,,W","20.39",",W","26.12",",,,W","14.67",",,,W",,,"220",",W","220",",W","14.8",",W","17.4",",W"
"USW00094724","2007-09","4.0",",W","231.9","W","28.4",",W","5",",W","3",",W","1",",W","0",",W","0",",W","0",",W","24",",W","0",",W","20070917",",,W","20070915",",,W","20070909",",,W","1.7",",W,17,","27.2",",,W,15,","27.8",",W,09,","89.0","W","67.8",",W","18","","4","",,,"40.5",",,,W","17.02",",W","23.29",",,,W","10.75",",,,W",,,"330",",W","250",",W","12.5",",W","14.8",",W"
"USW00094724","2007-10","4.3","1,W","243.6","W","11.7",",W","14",",W","5",",W","0",",W","0",",W","5",",W","0",",W","13",",W","0",",W","20071029",",,W","20071020",",,W","20071004",",,W","-3.2",",W,29,","11.9",",,W,20,","25.0",",W,04,","231.3","W","142.3",",W","24","","9","",,,"42.5",",,,W","14.12",",W","19.14",",,,W","9.10",",,,W",,,"210",",W","190",",W","14.3",",W","20.1",",W"
"USW00094724","2007-11","5.1",",W","243.6","W","0.0",",W","10",",W","8",",W","2",",W","0",",W","14",",W","1",",W","0",",W","0",",W","20071112",",,W","20071103",",,W","20071101",",,W","-8.2",",W,12,","53.1",",,W,03,","18.9",",W,01,","600.7","W","369.4",",W","12","","1","","1","","129.8",",,,W","6.02",",W","10.92",",,,W","1.11",",,,W",,,"350",",W","360",",W","20.1",",W","28.6",",W"
"USW00094724","2007-12","4.8",",W","243.6","W","0.0",",W","15",",W","10",",W","0",",W","0",",W","22",",W","1",",W","0",",W","0",",W","20071207",",,W","20071213",",,W","20071224",",,W","-12.1",",W,07,","18.3",",,W,13,","13.3",",W,24,","1125.7","W","525.0",",W","19","","1","",,,"95.5",",,,W","1.40",",W","5.68",",,,W","-2.89",",,,W",,,"90",",W","300",",W","16.5",",W","21.0",",W"
"USW00094724","2008-01","5.0",",W","0.0","W","0.0",",W","8",",W","4",",W","0",",W","0",",W","24",",W","3",",W","0",",W","0",",W","20080104",",,W","20080114",",,W","20080108",",,W","-16.6",",W,04,","12.7",",,W,14,","13.3",",W,08,","1680.9","W","555.2",",W","13","","3","","1","","35.7",",,,W","0.42",",W","5.07",",,,W","-4.22",",,,W",,,"10",",W","10",",W","17.0",",W","23.3",",W"
"USW00094724","2008-02","4.9",",W","0.0","W","0.0",",W","12",",W","6",",W","0",",W","0",",W","25",",W","6",",W","0",",W","0",",W","20080217",",,W","20080213",",,W","20080206",",,W","-13.2",",W,17,","21.3",",,W,13,","12.8",",W,06,","2210.0","W","529.1",",W","18","","5","","1","","91.8",",,,W","0.09",",W","5.17",",,,W","-4.99",",,,W",,,"170",",W","180",",W","16.1",",W","21.0",",W"
"USW00094724","2008-03","5.4",",W","0.0","W","0.0",",W","10",",W","7",",W","1",",W","0",",W","23",",W","0",",W","0",",W","0",",W","20080303",",,W","20080308",",,W","20080326","+,,W","-10.5",",W,03,","37.1",",,W,08,","13.3",",W,26,+","2692.4","W","482.4",",W","14","","3","",,,"78.8",",,,W","2.77",",W","7.47",",,,W","-1.92",",,,W",,,"200",",W","170",",W","17.0",",W","24.1",",W"
"USW00094724","2008-04","4.5",",W","0.0","W","0.0",",W","6",",W","5",",W","1",",W","0",",W","10",",W","0",",W","3",",W","0",",W","20080416",",,W","20080429",",,W","20080424",",,W","-6.0",",W,16,","31.2",",,W,29,","23.9",",W,24,","3012.7","W","320.3",",W","17","","7","","1","","80.0",",,,W","7.66",",W","13.61",",,,W","1.70",",,,W",,,"220",",W","250",",W","13.0",",W","17.9",",W"
"USW00094724","2008-05","5.3",",W","0.0","W","0.0",",W","12",",W","7",",W","0",",W","0",",W","1",",W","0",",W","5",",W","0",",W","20080501",",,W","20080509",",,W","20080530",",,W","-5.5",",W,01,","17.0",",,W,09,","25.0",",W,30,","3213.9","W","201.2",",W","16","","1","","1","","63.0",",,,W","11.84",",W","16.85",",,,W","6.84",",,,W",,,"30",",W","40",",W","16.1",",W","21.0",",W"
"USW00094724","2008-06","3.7",",W","55.8","W","55.8",",W","13",",W","4",",W","0",",W","0",",W","0",",W","0",",W","25",",W","0",",W","20080620",",,W","20080604",",,W","20080609","+,,W","7.2",",W,20,","18.0",",,W,04,","31.7",",W,09,+","3249.7","W","35.8",",W","24","","8","","7","","40.6",",,,W","19.00",",W","24.19",",,,W","13.80",",,,W",,,"220",",W","10",",W","9.8",",W","12.5",",W"
"USW00094724","2008-07","3.8",",W","172.3","W","116.5",",W","13",",W","7",",W","1",",W","0",",W","0",",W","0",",W","31",",W","0",",W","20080711",",,W","20080724",",,W","20080719","+,,W","10.0",",W,11,","65.0",",,W,24,","30.6",",W,19,+","0.5","W","0.5",",W","29","","12","","5","","120.6",",,,W","22.07",",W","26.64",",,,W","17.51",",,,W",,,"220",",W","220",",W","12.5",",W","16.5",",W"
"USW00094724","2008-08","3.0",",W","220.9","W","48.6",",W","16",",W","4",",W","0",",W","0",",W","0",",W","0",",W","30",",W","0",",W","20080821",",,W","20080830","+,,W","20080801",",,W","7.2",",W,21,","7.9",",,W,30,+","29.4",",W,01,","22.6","W","22.1",",W","23","","8","","8","","36.3",",,,W","19.19",",W","24.95",",,,W","13.43",",,,W",,,"120",",W","130",",W","10.7",",W","13.0",",W"
"USW00094724","2008-09","4.1",",W","246.5","W","25.6",",W","12",",W","9",",W","3",",W","0",",W","0",",W","0",",W","19",",W","0",",W","20080924",",,W","20080926",",,W","20080901",",,W","2.2",",W,24,","64.3",",,W,26,","27.8",",W,01,","82.0","W","59.4",",W","20","","10","",,,"207.0",",,,W","17.21",",W","22.32",",,,W","12.09",",,,W",,,"330",",W","320",",W","13.0",",W","17.0",",W"
"USW00094724","2008-10","4.4",",W","247.9","W","1.4",",W","8",",W","5",",W","0",",W","0",",W","7",",W","0",",W","3",",W","0",",W","20081024","+,,W","20081026",",,W","20081001",",,W","-6.6",",W,24,+","16.3",",,W,26,","22.2",",W,01,","331.8","W","249.8",",W","12","","5","","2","","45.8",",,,W","10.32",",W","16.45",",,,W","4.19",",,,W",,,"210",",W","210",",W","17.4",",W","21.9",",W"
"USW00094724","2008-11","4.2",",W","247.9","W","0.0",",W","12",",W","9",",W","1",",W","0",",W","15",",W","1",",W","0",",W","0",",W","20081124",",,W","20081125",",,W","20081105",",,W","-9.3",",W,24,","47.2",",,W,25,","19.4",",W,05,","696.4","W","364.6",",W","12","","7","","1","","124.0",",,,W","6.18",",W","11.37",",,,W","0.99",",,,W",,,"190",",W","140",",W","13.9",",W","17.4",",W"
"USW00094724","2008-12","5.8",",W","247.9","W","0.0",",W","14",",W","10",",W","0",",W","0",",W","19",",W","1",",W","0",",W","0",",W","20081209","+,,W","20081211",",,W","20081212","+,,W","-12.7",",W,09,+","22.1",",,W,11,","16.1",",W,12,+","1157.8","W","461.4",",W","16","","3","",,,"91.8",",,,W","3.45",",W","8.37",",,,W","-1.47",",,,W",,,"260",",W","250",",W","16.1",",W","21.0",",W"
"USW00094724","2009-01","4.6",",W","0.0","W","0.0",",W","9",",W","5",",W","0",",W","1",",W","31",",W","11",",W","0",",W","0",",W","20090117",",,W","20090107",",,W","20090128","+,,W","-19.9",",W,17,","22.4",",,W,07,","11.7",",W,28,+","1809.9","W","652.1",",W","12","","1","",,,"56.4",",,,W","-2.70",",W","2.02",",,,W","-7.43",",,,W",,,"200",",W","260",",W","14.3",",W","19.2",",W"
"USW00094724","2009-02","5.3",",W","0.0","W","0.0",",W","7",",W","5",",W","0",",W","0",",W","23",",W","4",",W","0",",W","0",",W","20090206",",,W","20090228",",,W","20090211",",,W","-15.5",",W,06,","4.6",",,W,28,","13.3",",W,11,","2316.9","W","507.0",",W","13","","5","",,,"18.5",",,,W","0.23",",W","5.53",",,,W","-5.08",",,,W",,,"260",",W","250",",W","15.7",",W","19.2",",W"
"USW00094724","2009-03","5.1",",W","0.0","W","0.0",",W","9",",W","6",",W","1",",W","0",",W","21",",W","2",",W","0",",W","0",",W","20090304",",,W","20090329",",,W","20090307",",,W","-8.8",",W,04,","27.9",",,W,29,","17.2",",W,07,","2804.3","W","487.4",",W","17","","5","","1","","65.5",",,,W","2.61",",W","7.45",",,,W","-2.23",",,,W",,,"40",",W","50",",W","16.5",",W","20.6",",W"
"USW00094724","2009-04","5.3",",W","2.5","W","2.5",",W","9",",W","7",",W","2",",W","0",",W","8",",W","0",",W","2",",W","0",",W","20090416","+,,W","20090421",",,W","20090426",",,W","-4.3",",W,16,+","34.0",",,W,21,","31.1",",W,26,","3089.4","W","285.1",",W","15","","7","","3","","88.9",",,,W","8.91",",W","14.22",",,,W","3.61",",,,W",,,"120",",W","120",",W","14.8",",W","20.6",",W"
"USW00094724","2009-05","4.1",",W","3.3","W","0.8",",W","16",",W","9",",W","0",",W","0",",W","1",",W","0",",W","7",",W","0",",W","20090513",",,W","20090506",",,W","20090525",",,W","0.0",",W,13,","21.6",",,W,06,","26.1",",W,25,","3236.6","W","147.2",",W","23","","14","","1","","76.4",",,,W","13.61",",W","17.84",",,,W","9.38",",,,W",,,"180",",W","330",",W","11.6",",W","16.1",",W"
"USW00094724","2009-06","3.6",",W","10.3","W","7.0",",W","20",",W","12",",W","0",",W","0",",W","0",",W","0",",W","12",",W","0",",W","20090617",",,W","20090604",",,W","20090630","+,,W","1.7",",W,17,","11.2",",,W,04,","25.6",",W,30,+","3301.7","W","65.1",",W","28","","13","","2","","72.6",",,,W","16.40",",W","20.50",",,,W","12.29",",,,W",,,"30",",W","330",",W","13.9",",W","28.2",",W"
"USW00094724","2009-07","3.8",",W","70.9","W","60.6",",W","14",",W","10",",W","2",",W","0",",W","0",",W","0",",W","30",",W","0",",W","20090711",",,W","20090718","+,,W","20090730","+,,W","5.6",",W,11,","30.0",",,W,18,+","26.7",",W,30,+","14.9","W","14.9",",W","27","","19","","3","","162.4",",,,W","19.81",",W","24.31",",,,W","15.31",",,,W",,,"210",",W","90",",W","11.6",",W","15.7",",W"
"USW00094724","2009-08","3.2",",W","179.6","W","108.7",",W","21",",W","8",",W","1",",W","0",",W","0",",W","0",",W","30",",W","0",",W","20090809",",,W","20090829",",,W","20090811",",,W","8.3",",W,09,","87.4",",,W,29,","31.1",",W,11,","23.8","W","8.9",",W","27","","11","",,,"136.0",",,,W","21.55",",W","25.80",",,,W","17.30",",,,W",,,"190",",W","190",",W","10.7",",W","13.9",",W"
"USW00094724","2009-09","3.6",",W","186.6","W","7.0",",W","6",",W","3",",W","1",",W","0",",W","0",",W","0",",W","16",",W","0",",W","20090920",",,W","20090927",",,W","20090905",",,W","1.7",",W,20,","41.1",",,W,27,","27.2",",W,05,","114.7","W","90.9",",W","19","","7","",,,"66.8",",,,W","15.54",",W","21.36",",,,W","9.71",",,,W",,,"20",",W","30",",W","11.2",",W","14.8",",W"
"USW00094724","2009-10","4.7",",W","186.6","W","0.0",",W","11",",W","8",",W","3",",W","0",",W","7",",W","0",",W","2",",W","0",",W","20091015",",,W","20091003",",,W","20091004",",,W","-3.8",",W,15,","41.4",",,W,03,","21.7",",W,04,","375.3","W","260.6",",W","19","","2","",,,"160.4",",,,W","9.93",",W","15.62",",,,W","4.23",",,,W",,,"40",",W","30",",W","16.1",",W","21.5",",W"
"USW00094724","2009-11","5.0",",W","186.6","W","0.0",",W","13",",W","8",",W","0",",W","0",",W","5",",W","0",",W","0",",W","0",",W","20091107",",,W","20091123",",,W","20091115","+,,W","-4.9",",W,07,","9.7",",,W,23,","18.9",",W,15,+","643.3","W","268.0",",W","19","","8","",,,"50.0",",,,W","9.40",",W","13.31",",,,W","5.49",",,,W",,,"270",",W","270",",W","14.8",",W","21.0",",W"
"USW00094724","2009-12","5.6",",W","186.6","W","0.0",",W","9",",W","6",",W","3",",W","0",",W","21",",W","5",",W","0",",W","0",",W","20091218",",,W","20091203",",,W","20091203",",,W","-11.6",",W,18,","36.6",",,W,03,","17.8",",W,03,","1168.8","W","525.5",",W","13","","3","","1","","124.2",",,,W","1.38",",W","5.72",",,,W","-2.95",",,,W",,,"330",",W","330",",W","17.0",",W","21.9",",W"
"USW00094724","2010-01","4.7",",W","0.0","W","0.0",",W","9",",W","4",",W","0",",W","0",",W","27",",W","11",",W","0",",W","0",",W","20100130",",,W","20100118",",,W","20100125",",,W","-12.7",",W,30,","20.1",",,W,18,","12.2",",W,25,","1779.2","W","610.4",",W","13","","2","",,,"58.6",",,,W","-1.36",",W","2.53",",,,W","-5.24",",,,W",,,"20",",W","20",",W","16.5",",W","22.8",",W"
"USW00094724","2010-02","5.0",",W","0.0","W","0.0",",W","8",",W","5",",W","2",",W","0",",W","25",",W","3",",W","0",",W","0",",W","20100207",",,W","20100225",",,W","20100225","+,,W","-9.3",",W,07,","32.5",",,W,25,","8.3",",W,25,+","2280.1","W","500.9",",W","11","","2","",,,"86.8",",,,W","0.44",",W","3.57",",,,W","-2.68",",,,W",,,"200",",W","110",",W","16.5",",W","21.9",",W"
"USW00094724","2010-03","5.5",",W","0.0","W","0.0",",W","14",",W","8",",W","3",",W","0",",W","13",",W","0",",W","0",",W","0",",W","20100328",",,W","20100323",",,W","20100319",",,W","-7.7",",W,28,","56.1",",,W,23,","19.4",",W,19,","2668.3","W","388.2",",W","14","","1","","1","","194.0",",,,W","5.81",",W","10.67",",,,W","0.95",",,,W",,,"100",",W","90",",W","19.2",",W","23.7",",W"
"USW00094724","2010-04","4.1",",W","0.0","W","0.0",",W","6",",W","5",",W","0",",W","0",",W","6",",W","0",",W","2",",W","0",",W","20100414",",,W","20100416",",,W","20100407",",,W","-4.3",",W,14,","8.6",",,W,16,","22.8",",W,07,","2935.3","W","267.0",",W","17","","6","",,,"33.2",",,,W","9.43",",W","15.64",",,,W","3.22",",,,W",,,"330",",W","250",",W","15.7",",W","21.5",",W"
"USW00094724","2010-05","3.9",",W","9.7","W","9.7",",W","9",",W","3",",W","2",",W","0",",W","4",",W","0",",W","18",",W","0",",W","20100511",",,W","20100518",",,W","20100526",",,W","-2.7",",W,11,","38.1",",,W,18,","30.6",",W,26,","3052.2","W","116.9",",W","18","","7","","3","","77.3",",,,W","14.88",",W","20.71",",,,W","9.04",",,,W",,,"80",",W","240",",W","11.6",",W","17.0",",W"
"USW00094724","2010-06","3.7",",W","72.6","W","62.9",",W","15",",W","7",",W","1",",W","0",",W","0",",W","0",",W","26",",W","0",",W","20100609",",,W","20100605",",,W","20100629",",,W","4.4",",W,09,","28.2",",,W,05,","31.1",",W,29,","3074.9","W","22.7",",W","25","","10","","3","","87.1",",,,W","19.67",",W","24.55",",,,W","14.79",",,,W",,,"210",",W","190",",W","11.6",",W","17.4",",W"
"USW00094724","2010-07","3.4",",W","260.8","W","188.2",",W","8",",W","2",",W","1",",W","0",",W","0",",W","0",",W","31",",W","6",",W","20100701",",,W","20100723",",,W","20100706",",,W","11.7",",W,01,","33.0",",,W,23,","35.0",",W,06,","0.5","W","0.5",",W","21","","6","","5","","57.6",",,,W","24.39",",W","29.44",",,,W","19.33",",,,W",,,"190",",W","190",",W","11.2",",W","14.8",",W"
"USW00094724","2010-08","3.7",",W","389.3","W","128.5",",W","10",",W","6",",W","0",",W","0",",W","0",",W","0",",W","30",",W","2",",W","20100828","+,,W","20100825",",,W","20100831",",,W","9.4",",W,28,+","22.1",",,W,25,","32.8",",W,31,","1.6","W","1.1",",W","10","","3","","2","","88.3",",,,W","22.44",",W","27.83",",,,W","17.05",",,,W",,,"80",",W","50",",W","16.1",",W","23.3",",W"
"USW00094724","2010-09","4.2",",W","437.0","W","47.7",",W","9",",W","5",",W","2",",W","0",",W","0",",W","0",",W","22",",W","1",",W","20100916",",,W","20100903",",,W","20100901",",,W","5.6",",W,16,","92.2",",,W,03,","32.2",",W,01,","46.2","W","44.6",",W","19","","4","","1","","147.4",",,,W","18.44",",W","23.24",",,,W","13.63",",,,W",,,"40",",W","30",",W","14.8",",W","19.7",",W"
"USW00094724","2010-10","4.9",",W","438.4","W","1.4",",W","13",",W","9",",W","2",",W","0",",W","2",",W","0",",W","2",",W","0",",W","20101021","+,,W","20101001",",,W","20101001",",,W","0.0",",W,21,+","65.8",",,W,01,","25.0",",W,01,","238.5","W","192.3",",W","15","","4","","3","","182.0",",,,W","12.17",",W","17.14",",,,W","7.21",",,,W",,,"130",",W","120",",W","15.7",",W","21.5",",W"
"USW00094724","2010-11","5.0",",W","438.4","W","0.0",",W","10",",W","7",",W","1",",W","0",",W","11",",W","0",",W","0",",W","0",",W","20101129",",,W","20101108",",,W","20101117","+,,W","-7.1",",W,29,","25.7",",,W,08,","17.2",",W,17,+","581.5","W","343.0",",W","13","",,,,,"104.1",",,,W","6.90",",W","11.48",",,,W","2.31",",,,W",,,"20",",W","30",",W","14.3",",W","21.0",",W"
"USW00094724","2010-12","5.4",",W","438.4","W","0.0",",W","7",",W","6",",W","0",",W","0",",W","26",",W","2",",W","0",",W","0",",W","20101210",",,W","20101226",",,W","20101201",",,W","-11.6",",W,10,","17.5",",,W,26,","14.4",",W,01,","1130.4","W","548.9",",W","12","","3","",,,"58.8",",,,W","0.63",",W","4.26",",,,W","-3.01",",,,W",,,"50",",W","60",",W","20.1",",W","25.0",",W"
"USW00094724","2011-01","4.0",",W","0.0","W","0.0",",W","10",",W","6",",W","0",",W","0",",W","28",",W","7",",W","0",",W","0",",W","20110124",",,W","20110112",",,W","20110101",",,W","-16.6",",W,24,","19.3",",,W,12,","13.3",",W,01,","1751.5","W","621.1",",W","18","","2","",,,"77.1",",,,W","-1.70",",W","2.51",",,,W","-5.91",",,,W",,,"30",",W","280",",W","14.8",",W","23.3",",W"
"USW00094724","2011-02","5.1",",W","0.0","W","0.0",",W","8",",W","6",",W","1",",W","0",",W","25",",W","3",",W","0",",W","0",",W","20110211",",,W","20110225",",,W","20110217",",,W","-14.9",",W,11,","34.3",",,W,25,","13.9",",W,17,","2270.3","W","518.8",",W","9","","5","","2","","85.5",",,,W","-0.19",",W","5.34",",,,W","-5.73",",,,W",,,"200",",W","190",",W","17.9",",W","22.8",",W"
"USW00094724","2011-03","5.0",",W","0.0","W","0.0",",W","9",",W","5",",W","0",",W","0",",W","22",",W","1",",W","0",",W","0",",W","20110304",",,W","20110331",",,W","20110318",",,W","-13.8",",W,04,","17.5",",,W,31,","16.1",",W,18,","2754.7","W","484.4",",W","14","","5","",,,"54.0",",,,W","2.71",",W","7.96",",,,W","-2.55",",,,W",,,"210",",W","220",",W","14.3",",W","19.2",",W"
"USW00094724","2011-04","5.1",",W","0.0","W","0.0",",W","15",",W","6",",W","1",",W","0",",W","7",",W","0",",W","1",",W","0",",W","20110409",",,W","20110413",",,W","20110429",",,W","-6.6",",W,09,","104.6",",,W,13,","21.1",",W,29,","3040.0","W","285.3",",W","21","","14","","2","","161.3",",,,W","8.82",",W","13.45",",,,W","4.20",",,,W",,,"90",",W","90",",W","15.7",",W","21.0",",W"
"USW00094724","2011-05","4.5",",W","9.1","W","9.1",",W","13",",W","5",",W","0",",W","0",",W","1",",W","0",",W","10",",W","0",",W","20110502",",,W","20110517",",,W","20110530",",,W","-0.5",",W,02,","12.2",",,W,17,","29.4",",W,30,","3171.8","W","131.8",",W","27","","13","","2","","46.4",",,,W","14.38",",W","18.90",",,,W","9.85",",,,W",,,"20",",W","30",",W","14.8",",W","20.1",",W"
"USW00094724","2011-06","3.3",",W","44.5","W","35.4",",W","9",",W","7",",W","2",",W","0",",W","0",",W","0",",W","24",",W","0",",W","20110605",",,W","20110622",",,W","20110609",",,W","1.7",",W,05,","34.3",",,W,22,","30.6",",W,09,","3220.6","W","48.8",",W","23","","7","","6","","114.1",",,,W","17.89",",W","23.47",",,,W","12.30",",,,W",,,"320",",W","300",",W","12.5",",W","16.5",",W"
"USW00094724","2011-07","3.3",",W","163.4","W","118.9",",W","6","4,W","3","4,W","0","4,W","0",",W","0",",W","0",",W","31",",W","1",",W","20110701",",,W","20110713",",4,W","20110722",",,W","10.0",",W,01,","18.8","4,,W,13,","32.8",",W,22,","3.0","W","3.0",",W","27","","9","","4","","34.5","4,,,W","22.07",",W","27.44",",,,W","16.70",",,,W",,,"340",",W","330",",W","13.0",",W","19.2",",W"
"USW00094724","2011-08","3.6","1,W","263.7","W","100.3","1,W","12",",W","5",",W","2",",W","0","1,W","0","1,W","0","1,W","30","1,W","0","1,W","20110831",",1,W","20110815",",,W","20110802",",1,W","10.0","1,W,31,","44.5",",,W,15,","30.0","1,W,02,","3.0","W","0.0","1,W","25","","7","","2","","90.0",",,,W","21.68","1,W","26.67","1,,,W","16.69","1,,,W",,,"220",",W","220",",W","18.3",",W","26.8",",W"
"USW00094724","2011-09","3.7",",W","321.0","W","57.3",",W","12",",W","6",",W","1",",W","0",",W","0",",W","0",",W","25",",W","0",",W","20110920",",,W","20110908",",,W","20110926",",,W","5.0",",W,20,","40.9",",,W,08,","28.9",",W,26,","32.1","W","29.1",",W","23","","11","","1","","95.7",",,,W","19.27",",W","24.12",",,,W","14.42",",,,W",,,"340",",W","330",",W","13.0",",W","17.9",",W"
"USW00094724","2011-10","4.4","1,W","329.6","W","8.6",",W","15",",W","12",",W","2",",W","0",",W","3",",W","0",",W","10",",W","0",",W","20111031",",,W","20111019",",,W","20111009",",,W","-4.9",",W,31,","37.6",",,W,19,","29.4",",W,09,","178.8","W","146.7",",W","13","","3","",,,"177.5",",,,W","13.88",",W","18.88",",,,W","8.88",",,,W",,,"350",",W","330",",W","19.2",",W","26.4",",W"
"USW00094724","2011-11","4.4",",W","329.6","W","0.0",",W","9",",W","6",",W","1",",W","0",",W","11",",W","0",",W","1",",W","0",",W","20111106",",,W","20111123",",,W","20111108",",,W","-7.1",",W,06,","49.8",",,W,23,","21.1",",W,08,","442.5","W","263.7",",W","10","","3","",,,"107.0",",,,W","9.54",",W","15.12",",,,W","3.96",",,,W",,,"360",",W","10",",W","13.4",",W","17.4",",W"
"USW00094724","2011-12","4.1",",W","329.6","W","0.0",",W","12",",W","10",",W","0",",W","0",",W","21",",W","0",",W","0",",W","0",",W","20111219",",,W","20111207",",,W","20111208","+,,W","-12.7",",W,19,","18.8",",,W,07,","16.7",",W,08,+","858.2","W","415.7",",W","14","","1","",,,"75.1",",,,W","4.92",",W","11.06",",,,W","-1.22",",,,W",,,"320",",W","330",",W","16.1",",W","23.3",",W"
"USW00094724","2012-01","4.7",",W","0.0","W","0.0",",W","14",",W","8",",W","1",",W","0",",W","16",",W","1",",W","0",",W","0",",W","20120116",",,W","20120112",",,W","20120107",",,W","-11.6",",W,16,","25.9",",,W,12,","14.4",",W,07,","1319.4","W","461.2",",W","9","","2","",,,"79.5",",,,W","3.46",",W","7.99",",,,W","-1.08",",,,W",,,"260",",W","260",",W","15.7",",W","23.3",",W"
"USW00094724","2012-02","4.3","1,W","0.0","W","0.0","1,W","11","1,W","5","1,W","1","1,W","0","1,W","20","1,W","0","1,W","0","1,W","0","1,W","20120227",",1,W","20120224",",1,W","20120223",",1,W","-8.2","1,W,27,","26.9","1,,W,24,","14.4","1,W,23,","1748.1","W","428.7","1,W","9","","1","",,,"59.1","1,,,W","3.02","1,W","8.26","1,,,W","-2.21","1,,,W",,,"260","1,W","240","1,W","14.8","1,W","23.7","1,W"
"USW00094724","2012-03","4.5",",W","0.0","W","0.0",",W","12",",W","5",",W","0",",W","0",",W","12",",W","0",",W","2",",W","0",",W","20120311",",,W","20120301",",,W","20120321",",,W","-8.2",",W,11,","8.1",",,W,01,","23.3",",W,21,","2097.2","W","349.1",",W","18","","8","","1","","29.6",",,,W","7.07",",W","12.08",",,,W","2.06",",,,W",,,"190",",W","190",",W","13.9",",W","19.2",",W"
"USW00094724","2012-04","4.5",",W","2.2","W","2.2",",W","5",",W","4",",W","0",",W","0",",W","8",",W","0",",W","1",",W","0",",W","20120401",",,W","20120423",",,W","20120417",",,W","-5.5",",W,01,","18.8",",,W,23,","30.0",",W,17,","2347.6","W","250.4",",W","11","",,,,,"41.1",",,,W","10.06",",W","15.82",",,,W","4.30",",,,W",,,"130",",W","140",",W","13.9",",W","18.3",",W"
"USW00094724","2012-05","3.8",",W","17.3","W","15.1",",W","11",",W","6",",W","3",",W","0",",W","1",",W","0",",W","15",",W","0",",W","20120507",",,W","20120509",",,W","20120531","+,,W","0.0",",W,07,","41.9",",,W,09,","27.2",",W,31,+","2448.0","W","100.4",",W","23","","7","","1","","149.7",",,,W","15.58",",W","20.20",",,,W","10.96",",,,W",,,"150",",W","180",",W","12.5",",W","17.9",",W"
"USW00094724","2012-06","3.8",",W","71.2","W","53.9",",W","9",",W","5",",W","0",",W","0",",W","0",",W","0",",W","19",",W","2",",W","20120606",",,W","20120602",",,W","20120622",",,W","2.8",",W,06,","12.4",",,W,02,","34.4",",W,22,","2503.4","W","55.4",",W","17","",,,"1","","41.1",",,,W","18.28",",W","23.64",",,,W","12.93",",,,W",,,"150",",W","150",",W","13.9",",W","20.1",",W"
"USW00094724","2012-07","3.2",",W","211.4","W","140.2",",W","11",",W","4",",W","2",",W","0",",W","0",",W","0",",W","31",",W","3",",W","20120722",",,W","20120731",",,W","20120718",",,W","6.7",",W,22,","62.0",",,W,31,","33.3",",W,18,","3.0","W","3.0",",W","19","","3","","3","","154.9",",,,W","22.76",",W","28.71",",,,W","16.81",",,,W",,,"330",",W","320",",W","11.2",",W","14.8",",W"
"USW00094724","2012-08","3.0",",W","346.2","W","134.8",",W","12",",W","6",",W","0",",W","0",",W","0",",W","0",",W","31",",W","0",",W","20120830","+,,W","20120812",",,W","20120806",",,W","9.4",",W,30,+","16.0",",,W,12,","30.6",",W,06,","5.0","W","2.0",",W","24","","8","","2","","60.6",",,,W","22.62",",W","27.84",",,,W","17.39",",,,W",,,"170",",W","240",",W","11.2",",W","14.8",",W"
"USW00094724","2012-09","3.4",",W","378.7","W","32.5",",W","13",",W","5",",W","1",",W","0",",W","0",",W","0",",W","28",",W","0",",W","20120925",",,W","20120919",",,W","20120907",",,W","3.3",",W,25,","41.4",",,W,19,","28.3",",W,07,","54.4","W","49.4",",W","15","","2","","1","","87.5",",,,W","17.77",",W","23.86",",,,W","11.68",",,,W",,,"200",",W","170",",W","10.7",",W","16.1",",W"
"USW00094724","2012-10","4.0",",W","386.8","W","8.1",",W","19",",W","8",",W","0",",W","0",",W","0",",W","0",",W","8",",W","0",",W","20121017",",,W","20121003",",,W","20121006",",,W","0.6",",W,17,","19.8",",,W,03,","24.4",",W,06,","187.3","W","132.9",",W","15","","1","","1","","91.3",",,,W","14.30",",W","19.09",",,,W","9.52",",,,W",,,"100",",W","90",",W","17.0",",W","24.1",",W"
"USW00094724","2012-11","4.7",",W","386.8","W","0.0",",W","6",",W","4",",W","1",",W","0",",W","12",",W","0",",W","0",",W","0",",W","20121127",",,W","20121108",",,W","20121112",",,W","-4.9",",W,27,","27.9",",,W,08,","19.4",",W,12,","561.7","W","374.4",",W","10","","5","",,,"75.7",",,,W","5.85",",W","10.39",",,,W","1.31",",,,W",,,"40",",W","30",",W","20.6",",W","27.7",",W"
"USW00094724","2012-12","4.6",",W","386.8","W","0.0",",W","19",",W","10",",W","2",",W","0",",W","15",",W","0",",W","0",",W","0",",W","20121207","+,,W","20121229",",,W","20121210",",,W","-9.3",",W,07,+","43.4",",,W,29,","16.1",",W,10,","1001.1","W","439.4",",W","24","","2","","1","","161.2",",,,W","4.16",",W","8.57",",,,W","-0.25",",,,W",,,"80",",W","90",",W","17.4",",W","24.6",",W"
"USW00094724","2013-01","4.6",",W","0.0","W","0.0",",W","13",",W","6",",W","0",",W","0",",W","21",",W","9",",W","0",",W","0",",W","20130118",",,W","20130116",",,W","20130131","+,,W","-14.9",",W,18,","16.8",",,W,16,","13.9",",W,31,+","1571.4","W","570.3",",W","17","","5","",,,"49.4",",,,W","-0.06",",W","4.34",",,,W","-4.47",",,,W",,,"200",",W","180",",W","16.1",",W","23.3",",W"
"USW00094724","2013-02","5.3",",W","0.0","W","0.0",",W","13",",W","8",",W","2",",W","0",",W","25",",W","6",",W","0",",W","0",",W","20130211",",,W","20130224",",,W","20130228",",,W","-13.2",",W,11,","34.5",",,W,24,","9.4",",W,28,","2090.1","W","518.7",",W","20","","7","",,,"123.6",",,,W","-0.19",",W","3.91",",,,W","-4.29",",,,W",,,"20",",W","30",",W","21.0",",W","30.0",",W"
"USW00094724","2013-03","5.3",",W","0.0","W","0.0",",W","12",",W","5",",W","1",",W","0",",W","21",",W","0",",W","0",",W","0",",W","20130321",",,W","20130307",",,W","20130329",",,W","-7.7",",W,21,","34.3",",,W,07,","14.4",",W,29,","2569.1","W","479.0",",W","15","","1","",,,"98.7",",,,W","2.88",",W","7.21",",,,W","-1.45",",,,W",,,"20",",W","40",",W","16.5",",W","24.1",",W"
"USW00094724","2013-04","4.7",",W","0.0","W","0.0",",W","16",",W","6",",W","1",",W","0",",W","15",",W","0",",W","1",",W","0",",W","20130407",",,W","20130423",",,W","20130409",",,W","-6.6",",W,07,","38.4",",,W,23,","22.2",",W,09,","2899.8","W","330.7",",W","20","","5","",,,"83.0",",,,W","7.31",",W","13.07",",,,W","1.55",",,,W",,,"200",",W","100",",W","13.4",",W","17.9",",W"
"USW00094724","2013-05","4.2",",W","5.8","W","5.8",",W","13",",W","8",",W","1",",W","0",",W","2",",W","0",",W","9",",W","0",",W","20130502",",,W","20130524",",,W","20130531",",,W","-0.5",",W,02,","34.0",",,W,24,","28.9",",W,31,","3057.2","W","157.4",",W","25","","14","","1","","111.3",",,,W","13.45",",W","19.02",",,,W","7.87",",,,W",,,"190",",W","190",",W","13.9",",W","20.6",",W"
"USW00094724","2013-06","4.3",",W","44.9","W","39.1",",W","14","3,W","10","3,W","3","3,W","0",",W","0",",W","0",",W","24",",W","0",",W","20130605",",,W","20130607",",3,W","20130626","+,,W","5.6",",W,05,","37.3","3,,W,07,","30.0",",W,26,+","3091.5","W","34.3",",W","22","","9","","4","","173.7","3,,,W","18.50",",W","22.94",",,,W","14.05",",,,W",,,"70",",W","40",",W","14.3",",W","20.1",",W"
"USW00094724","2013-07","3.7",",W","220.5","W","175.6",",W","12","3,W","9","3,W","0","3,W","0",",W","0",",W","0",",W","31",",W","3",",W","20130731",",,W","20130726",",3,W","20130718",",,W","15.6",",W,31,","22.6","3,,W,26,","32.8",",W,18,","0.0","W","0.0",",W","27","","9","",,,"85.8","3,,,W","24.00",",W","27.63",",,,W","20.36",",,,W",,,"360",",W","230",",W","11.2",",W","15.7",",W"
"USW00094724","2013-08","3.2",",W","276.6","W","56.1",",W","14",",W","4",",W","1",",W","0",",W","0",",W","0",",W","31",",W","0",",W","20130825","+,,W","20130827",",,W","20130821",",,W","5.6",",W,25,+","34.5",",,W,27,","28.3",",W,21,","14.7","W","14.7",",W","22","","4","","2","","64.9",",,,W","19.67",",W","25.00",",,,W","14.34",",,,W",,,"190",",W","190",",W","11.2",",W","16.1",",W"
"USW00094724","2013-09","3.5",",W","310.1","W","33.5",",W","8",",W","2",",W","0",",W","0",",W","1",",W","0",",W","20",",W","0",",W","20130918",",,W","20130913",",,W","20130902",",,W","0.0",",W,18,","5.3",",,W,13,","27.8",",W,02,","121.9","W","107.2",",W","15","","5","","1","","10.7",",,,W","15.88",",W","22.45",",,,W","9.31",",,,W",,,"210",",W","200",",W","11.6",",W","16.5",",W"
"USW00094724","2013-10","3.6",",W","312.9","W","2.8",",W","6",",W","3",",W","0",",W","0",",W","7",",W","0",",W","7",",W","0",",W","20131028",",,W","20131007",",,W","20131002",",,W","-3.2",",W,28,","13.5",",,W,07,","26.1",",W,02,","312.1","W","190.2",",W","16","","4","",,,"25.6",",,,W","12.29",",W","18.49",",,,W","6.08",",,,W",,,"230",",W","230",",W","12.5",",W","17.0",",W"
"USW00094724","2013-11","4.8",",W","313.5","W","0.6",",W","11",",W","6",",W","2",",W","0",",W","12",",W","0",",W","1",",W","0",",W","20131121",",,W","20131127",",,W","20131101",",,W","-6.6",",W,21,","46.2",",,W,27,","21.1",",W,01,","660.3","W","348.2",",W","11","","2","","1","","103.1",",,,W","6.75",",W","11.43",",,,W","2.06",",,,W",,,"170",",W","170",",W","18.3",",W","23.7",",W"
"USW00094724","2013-12","4.3",",W","313.5","W","0.0",",W","12",",W","9",",W","1",",W","0",",W","21",",W","2",",W","0",",W","0",",W","20131225","+,,W","20131229",",,W","20131222",",,W","-11.6",",W,25,+","26.2",",,W,29,","16.7",",W,22,","1134.5","W","474.2",",W","20","","3","",,,"96.5",",,,W","3.04",",W","7.37",",,,W","-1.29",",,,W",,,"200",",W","250",",W","13.9",",W","17.9",",W"
"USW00094724","2014-01","5.1","1,W","0.0","W","0.0",",W","12","1,W","3","1,W","0","1,W","1",",W","24",",W","10",",W","0",",W","0",",W","20140104",",,W","20140114",",1,W","20140111",",,W","-22.1",",W,04,","20.8","1,,W,14,","14.4",",W,11,","1738.1","W","603.6",",W","16","","5","",,,"57.4","1,,,W","-1.14",",W","3.81",",,,W","-6.08",",,,W",,,"20",",W","20",",W","19.2",",W","36.7",",W"
"USW00094724","2014-02","4.5",",W","0.0","W","0.0",",W","11",",W","8",",W","1",",W","0",",W","22",",W","9",",W","0",",W","0",",W","20140218",",,W","20140213",",,W","20140221",",,W","-16.6",",W,18,","47.2",",,W,13,","12.8",",W,21,","2277.2","W","539.1",",W",,,,,,,"118.4",",,,W","-0.92",",W","3.56",",,,W","-5.40",",,,W",,,"330",",W","60",",W","16.1",",W","21.9",",W"
"USW00094724","2014-03","5.2",",W","0.0","W","0.0",",W","8",",W","5",",W","0",",W","0",",W","23",",W","3",",W","0",",W","0",",W","20140301",",,W","20140329",",,W","20140330",",,W","-16.6",",W,01,","23.9",",,W,29,","15.6",",W,30,","2821.3","W","544.1",",W",,,,,,,"69.5",",,,W","0.78",",W","6.38",",,,W","-4.82",",,,W",,,"350",",W","340",",W","21.5",",W","27.3",",W"
"USW00094724","2014-04","5.3",",W","0.0","W","0.0",",W","12",",W","6",",W","0",",W","0",",W","7",",W","0",",W","0",",W","0",",W","20140421","+,,W","20140416",",,W","20140412",",,W","-4.9",",W,21,+","14.7",",,W,16,","20.0",",W,12,","3138.5","W","317.2",",W",,,,,,,"57.3",",,,W","7.76",",W","12.91",",,,W","2.60",",,,W",,,"220",",W","190",",W","16.5",",W","22.8",",W"
"USW00094724","2014-05","4.5",",W","1.7","W","1.7",",W","11",",W","3",",W","0",",W","0",",W","3",",W","0",",W","10",",W","0",",W","20140530",",,W","20140501",",,W","20140527","+,,W","-1.6",",W,30,","16.0",",,W,01,","27.2",",W,27,+","3282.2","W","143.7",",W",,,,,,,"29.3",",,,W","13.75",",W","19.65",",,,W","7.85",",,,W",,,"260","1,W","270","1,W","13.4","1,W","19.7","1,W"
"USW00094724","2014-06","3.7",",W","18.3","W","16.6",",W","8","2,W","5","2,W","0","2,W","0",",W","0",",W","0",",W","26",",W","0",",W","20140602",",,W","20140626",",2,W","20140618",",,W","3.3",",W,02,","19.6","2,,W,26,","30.0",",W,18,","3337.0","W","54.8",",W",,,,,,,"50.4","2,,,W","17.06",",W","23.55",",,,W","10.57",",,,W",,,"130",",W","120",",W","10.3",",W","13.9",",W"
"USW00094724","2014-07","4.4",",W","87.7","W","69.4",",W","10",",W","4",",W","2",",W","0",",W","0",",W","0",",W","31",",W","0",",W","20140731",",,W","20140704",",,W","20140703",",,W","8.9",",W,31,","39.6",",,W,04,","27.8",",W,03,","4.9","W","4.9",",W",,,,,,,"94.3",",,,W","20.41",",W","25.07",",,,W","15.75",",,,W",,,"350",",W","350",",W","16.1",",W","22.8",",W"
"USW00094724","2014-08","3.2",",W","110.5","W","22.8",",W","6","3,W","4","3,W","0","3,W","0",",W","0",",W","0",",W","29",",W","0",",W","20140830",",,W","20140802",",3,W","20140810",",,W","3.9",",W,30,","20.8","3,,W,02,","27.8",",W,10,","31.0","W","26.1",",W",,,,,,,"40.3","3,,,W","18.23",",W","24.45",",,,W","12.00",",,,W",,,"140",",W","110",",W","11.6",",W","16.5",",W"
"USW00094724","2014-09","3.7",",W","139.5","W","29.0",",W","4",",W","2",",W","0",",W","0",",W","2",",W","0",",W","21",",W","0",",W","20140919",",,W","20140925",",,W","20140904",",,W","-0.5",",W,19,","24.4",",,W,25,","28.9",",W,04,","116.7","W","85.7",",W",,,,,,,"32.3",",,,W","16.44",",W","22.78",",,,W","10.10",",,,W",,,"320",",W","320",",W","10.7",",W","14.3",",W"
"USW00094724","2014-10","4.7",",W","145.6","W","6.1",",W","11",",W","7",",W","1",",W","0",",W","5",",W","0",",W","6",",W","0",",W","20141031",",,W","20141001",",,W","20141015",",,W","-1.0",",W,31,","35.3",",,W,01,","24.4",",W,15,","286.5","W","169.8",",W",,,,,,,"104.4",",,,W","13.05",",W","17.85",",,,W","8.25",",,,W",,,"50",",W","60",",W","14.3",",W","19.2",",W"
"USW00094724","2014-11","4.9",",W","145.6","W","0.0",",W","11","1,W","7","1,W","3","1,W","0",",W","10",",W","0",",W","0",",W","0",",W","20141129","+,,W","20141126",",1,W","20141112",",,W","-9.9",",W,29,+","53.6","1,,W,26,","18.9",",W,12,","642.9","W","356.4",",W",,,,,,,"192.3","1,,,W","6.45",",W","11.37",",,,W","1.53",",,,W",,,"320",",W","330",",W","17.0",",W","23.7",",W"
"USW00094724","2014-12","4.7",",W","145.6","W","0.0",",W","15",",W","8",",W","3",",W","0",",W","13",",W","1",",W","0",",W","0",",W","20141231",",,W","20141209",",,W","20141201",",,W","-12.1",",W,31,","57.7",",,W,09,","15.6",",W,01,","1073.3","W","430.4",",W",,,,,,,"171.9",",,,W","4.45",",W","7.91",",,,W","0.99",",,,W",,,"20",",W","10",",W","16.1",",W","22.8",",W"
"USW00094724","2015-01","5.6",",W","0.0","W","0.0",",W","11",",W","5",",W","0",",W","0",",W","29",",W","10",",W","0",",W","0",",W","20150108",",,W","20150124",",,W","20150104",",,W","-16.0",",W,08,","20.1",",,W,24,","12.8",",W,04,","1688.8","W","615.5",",W",,,,,,,"79.9",",,,W","-1.52",",W","2.67",",,,W","-5.72",",,,W",,,"20",",W","20",",W","20.6",",W","29.5",",W"
"USW00094724","2015-02","5.4",",W","0.0","W","0.0",",W","11",",W","5",",W","0",",W","3",",W","28",",W","19",",W","0",",W","0",",W","20150221",",,W","20150222","+,,W","20150222",",,W","-21.0",",W,21,","17.5",",,W,22,+","6.1",",W,22,","2362.7","W","673.9",",W",,,,,,,"51.3",",,,W","-5.73",",W","-0.84",",,,W","-10.63",",,,W",,,"340",",W","350",",W","18.3",",W","25.5",",W"
"USW00094724","2015-03","4.7",",W","0.0","W","0.0",",W","17",",W","11",",W","1",",W","1",",W","26",",W","1",",W","0",",W","0",",W","20150301",",,W","20150314",",,W","20150311",",,W","-18.2",",W,01,","27.4",",,W,14,","11.1",",W,11,","2932.4","W","569.7",",W",,,,,,,"111.0",",,,W","-0.05",",W","4.88",",,,W","-4.97",",,,W",,,"330",",W","330",",W","16.1",",W","21.9",",W"
"USW00094724","2015-04","4.9",",W","0.0","W","0.0","1,W","12",",W","4",",W","0",",W","0","1,W","10","1,W","0","1,W","0","1,W","0","1,W","20150402",",1,W","20150403",",,W","20150421","+,1,W","-10.5","1,W,02,","5.3",",,W,03,","19.4","1,W,21,+","3259.0","W","326.6","1,W","3","",,,,,"26.3",",,,W","7.07","1,W","12.75","1,,,W","1.39","1,,,W",,,"120",",W","140",",W","13.9",",W","20.6",",W"
"USW00094724","2015-05","4.5",",W",,,,,"4",",W","2",",W","0",",W",,,,,,,,,,,,,"20150522",",,W",,,,,"5.6",",,W,22,",,,,,,,,,,,,,"11.5",",,,W",,,,,,,,,"210",",W","220",",W","10.7",",W","14.8",",W"
"USW00094724","2015-06","4.0",",W",,,"25.4",",W","9",",W","5",",W","1",",W","0",",W","0",",W","0",",W","22",",W","0",",W","20150604",",,W","20150628",",,W","20150619","+,,W","1.7",",W,04,","30.0",",,W,28,","27.8",",W,19,+",,,"81.1",",W",,,,,,,"82.3",",,,W","16.48",",W","22.06",",,,W","10.89",",,,W",,,"110",",W","110",",W","14.8",",W","20.6",",W"
"USW00094724","2015-07","3.4",",W",,,"93.2",",W","7",",W","3",",W","1",",W","0",",W","0",",W","0",",W","31",",W","0",",W","20150717",",,W","20150701",",,W","20150720",",,W","7.2",",W,17,","27.7",",,W,01,","31.7",",W,20,","10.0","W","10.0",",W",,,,,,,"46.5",",,,W","21.02",",W","26.69",",,,W","15.34",",,,W",,,"210",",W","240",",W","9.8",",W","14.8",",W"
"USW00094724","2015-08","3.5",",W",,,"123.1",",W","7",",W","5",",W","1",",W","0",",W","0",",W","0",",W","31",",W","0",",W","20150810",",,W","20150811",",,W","20150816","+,,W","9.4",",W,10,","49.8",",,W,11,","30.0",",W,16,+","13.6","W","3.6",",W",,,,,,,"77.1",",,,W","22.19",",W","27.39",",,,W","16.99",",,,W",,,"290",",W","300",",W","11.2",",W","17.4",",W"
"USW00094724","2015-09","3.7",",W",,,"49.1",",W","5",",W","4",",W","2",",W","0",",W","0",",W","0",",W","27",",W","0",",W","20150927",",,W","20150910",",,W","20150908",",,W","0.6",",W,27,","69.9",",,W,10,","30.6",",W,08,","54.4","W","40.8",",W",,,,,,,"121.0",",,,W","18.61",",W","24.69",",,,W","12.52",",,,W",,,"150",",W","150",",W","12.5",",W","16.1",",W"
"USW00094724","2015-10","4.9",",W",,,"0.0",",W","9",",W","7",",W","2",",W","0",",W","4",",W","0",",W","2",",W","0",",W","20151027","+,,W","20151002",",,W","20151021","+,,W","-4.3",",W,27,+","61.0",",,W,02,","21.7",",W,21,+","272.8","W","218.4",",W",,,,,,,"152.4",",,,W","11.29",",W","16.64",",,,W","5.94",",,,W",,,"50",",W","40",",W","14.8",",W","20.1",",W"
"USW00094724","2015-11",,,,,,,"7",",W","5",",W","1",",W",,,,,,,,,,,,,"20151122",",,W",,,,,"30.7",",,W,22,",,,,,,,,,,,,,"61.7",",,,W",,,,,,,,,"300","2,W","280","2,W","13.0","2,W","18.8","2,W"
"USW00094724","2015-12","4.5",",W",,,"0.0",",W","16",",W","10",",W","0",",W","0",",W","6",",W","0",",W","0",",W","0",",W","20151201",",,W","20151217",",,W","20151225",",,W","-6.6",",W,01,","18.8",",,W,17,","19.4",",W,25,",,,"301.5",",W","4","","2","",,,"134.3",",,,W","8.61",",W","12.67",",,,W","4.55",",,,W",,,"300",",W","300",",W","12.5",",W","17.4",",W"
"USW00094724","2016-01","5.2",",W","0.0","W","0.0",",W","8",",W","5",",W","1",",W","0",",W","24",",W","3",",W","0",",W","0",",W","20160105",",,W","20160110",",,W","20160110",",,W","-17.1",",W,05,","32.8",",,W,10,","15.0",",W,10,",,,"547.1",",W",,,,,,,"76.8",",,,W","0.69",",W","5.31",",,,W","-3.94",",,,W",,,"50",",W","50",",W","19.2",",W","26.4",",W"
"USW00094724","2016-02","5.4",",W","0.0","W","0.0",",W","13",",W","6",",W","1",",W","2",",W","19",",W","4",",W","0",",W","0",",W","20160215",",,W","20160205",",,W","20160225","+,,W","-23.8",",W,15,","42.2",",,W,05,","13.3",",W,25,+",,,"498.1",",W",,,,,,,"104.2",",,,W","1.16",",W","5.91",",,,W","-3.59",",,,W",,,"50",",W","40",",W","17.9",",W","22.8",",W"
"USW00094724","2016-03","5.1",",W","0.0","W","0.0",",W","11",",W","7",",W","0",",W","0",",W","12",",W","0",",W","1",",W","0",",W","20160307",",,W","20160328",",,W","20160310",",,W","-9.3",",W,07,","24.1",",,W,28,","21.1",",W,10,",,,"395.4",",W",,,,,,,"80.8",",,,W","5.58",",W","10.01",",,,W","1.14",",,,W",,,"20",",W","10",",W","14.3",",W","19.2",",W"
"USW00094724","2016-04","5.2",",W","0.0","W","0.0",",W","8",",W","8",",W","1",",W","0",",W","13",",W","0",",W","2",",W","0",",W","20160406",",,W","20160407",",,W","20160422",",,W","-8.2",",W,06,","28.2",",,W,07,","23.9",",W,22,",,,"337.7",",W",,,,,,,"99.5",",,,W","7.08",",W","12.30",",,,W","1.86",",,,W",,,"310",",W","310",",W","17.0",",W","23.3",",W"
"USW00094724","2016-05","4.4",",W","7.2","W","7.2",",W","16",",W","8",",W","0",",W","0",",W","2",",W","0",",W","10",",W","0",",W","20160510","+,,W","20160503",",,W","20160526",",,W","-1.6",",W,10,+","18.5",",,W,03,","28.9",",W,26,",,,"169.0",",W",,,,,,,"87.2",",,,W","13.11",",W","18.37",",,,W","7.85",",,,W",,,"30",",W","250",",W","13.9",",W","19.2",",W"
"USW00094724","2016-06","4.0",",W","26.1","W","18.9",",W","3","2,W","1","2,W","0","2,W","0",",W","0",",W","0",",W","25",",W","0",",W","20160626",",,W","20160605",",2,W","20160630","+,,W","5.6",",W,26,","2.8","2,,W,05,","27.2",",W,30,+",,,"37.1",",W",,,,,,,"5.1","2,,,W","17.72",",W","23.41",",,,W","12.04",",,,W",,,"310",",W","310",",W","13.0",",W","17.4",",W"
"USW00094724","2016-07","3.8",",W","138.5","W","112.4",",W",,,,,,,"0",",W","0",",W","0",",W","30",",W","0",",W","20160703",",,W",,,"20160723","+,,W","9.4",",W,03,",,,"31.1",",W,23,+","2.2","W","2.2",",W",,,,,,,,,"21.89",",W","26.95",",,,W","16.83",",,,W",,,"350",",W","280",",W","13.4",",W","17.0",",W"
"USW00094724","2016-08","3.8",",W","258.6","W","120.1",",W",,,,,,,"0",",W","0",",W","0",",W","31",",W","1",",W","20160805",",,W",,,"20160829",",,W","7.8",",W,05,",,,"32.2",",W,29,","6.3","W","4.1",",W",,,,,,,,,"22.07",",W","27.89",",,,W","16.26",",,,W",,,"340",",W","240",",W","10.7",",W","14.8",",W"
"USW00094724","2016-09","4.4",",W","315.3","W","56.7",",W","10","1,W","3","1,W","1","1,W","0",",W","0",",W","0",",W","23",",W","0",",W","20160926",",,W","20160930",",1,W","20160909",",,W","1.1",",W,26,","30.0","1,,W,30,","31.1",",W,09,","53.8","W","47.5",",W",,,,,,,"52.6","1,,,W","18.64",",W","23.80",",,,W","13.48",",,,W",,,"20",",W","10",",W","15.7",",W","22.4",",W"
"USW00094724","2016-10","4.5",",W","319.7","W","4.4",",W","9",",W","8",",W","2",",W","0",",W","5",",W","0",",W","9",",W","0",",W","20161031","+,,W","20161009",",,W","20161019","+,,W","-1.6",",W,31,+","61.7",",,W,09,","24.4",",W,19,+","229.4","W","175.6",",W",,,,,,,"154.1",",,,W","12.81",",W","18.34",",,,W","7.28",",,,W",,,"270",",W","280",",W","14.8",",W","20.6",",W"
"USW00094724","2016-11","4.4",",W","319.7","W","0.0",",W","7",",W","3",",W","1",",W","0",",W","9",",W","0",",W","0",",W","0",",W","20161129",",,W","20161129",",,W","20161103",",,W","-4.9",",W,29,","31.5",",,W,29,","18.9",",W,03,","542.4","W","313.0",",W",,,,,,,"55.9",",,,W","7.90",",W","12.89",",,,W","2.91",",,,W",,,"190",",W","270",",W","13.0",",W","20.6",",W"
"USW00094724","2016-12","4.9",",W","319.7","W","0.0",",W","11",",W","7",",W","0",",W","0",",W","19",",W","2",",W","0",",W","0",",W","20161216",",,W","20161217",",,W","20161218","+,,W","-13.8",",W,16,","18.8",",,W,17,","15.6",",W,18,+","1017.7","W","475.3",",W","3","",,,,,"73.3",",,,W","3.00",",W","7.98",",,,W","-1.98",",,,W",,,"300",",W","290",",W","14.8",",W","22.8",",W"
"USW00094724","2017-01","4.8",",W","0.0","W","0.0",",W","15",",W","9",",W","1",",W","0",",W","16",",W","3",",W","0",",W","0",",W","20170109",",,W","20170124",",,W","20170113",",,W","-13.2",",W,09,","60.2",",,W,24,","14.4",",W,13,","1507.4","W","489.7",",W",,,,,,,"146.2",",,,W","2.54",",W","6.44",",,,W","-1.37",",,,W",,,"60",",W","60",",W","15.7",",W","20.6",",W"
"USW00094724","2017-02","5.1","2,W","0.0","W","0.0","2,W","7","1,W","3","1,W","0","1,W","0","2,W","20","2,W","1","2,W","0","2,W","0","2,W","20170210",",2,W","20170212",",1,W","20170225","+,2,W","-9.3","2,W,10,","15.5","1,,W,12,","17.2","2,W,25,+","1913.0","W","405.6","2,W",,,"1","",,,"26.0","1,,,W","2.73","2,W","7.60","2,,,W","-2.13","2,,,W",,,"50","1,W","10","1,W","17.4","1,W","23.3","1,W"
"USW00094724","2017-03","5.9",",W","0.0","W","0.0",",W","9",",W","6",",W","1",",W","0",",W","23",",W","5",",W","0",",W","0",",W","20170305",",,W","20170314",",,W","20170302","+,,W","-11.6",",W,05,","28.7",",,W,14,","13.9",",W,02,+","2436.9","W","523.9",",W",,,,,,,"63.4",",,,W","1.43",",W","6.34",",,,W","-3.47",",,,W",,,"100",",W","90",",W","17.9",",W","25.0",",W"
"USW00094724","2017-04","5.8","1,W","0.6","W","0.6",",W","12",",W","6",",W","2",",W","0",",W","3",",W","0",",W","2",",W","0",",W","20170403",",,W","20170401",",,W","20170429",",,W","-4.3",",W,03,","51.6",",,W,01,","25.6",",W,29,","2691.4","W","254.5",",W",,,,,,,"134.5",",,,W","9.87",",W","14.69",",,,W","5.05",",,,W",,,"30",",W","350",",W","17.4",",W","26.4",",W"
"USW00094724","2017-05","4.5",",W","7.6","W","7.0",",W","15",",W","9",",W","2",",W","0",",W","2",",W","0",",W","5",",W","0",",W","20170509",",,W","20170514",",,W","20170518",",,W","-1.0",",W,09,","37.8",",,W,14,","28.9",",W,18,","2869.3","W","177.9",",W",,,,,,,"174.9",",,,W","12.82",",W","17.52",",,,W","8.12",",,,W",,,"320",",W","320",",W","13.4",",W","17.9",",W"
"USW00094724","2017-06","4.4",",W","44.5","W","36.9",",W","11",",W","6",",W","1",",W","0",",W","0",",W","0",",W","22",",W","2",",W","20170608",",,W","20170617",",,W","20170613",",,W","0.6",",W,08,","25.9",",,W,17,","32.8",",W,13,","2923.5","W","54.2",",W",,,,,,,"60.9",",,,W","17.76",",W","23.25",",,,W","12.26",",,,W",,,"140",",W","150",",W","12.5",",W","16.1",",W"
"USW00094724","2017-07","3.5",",W","141.4","W","96.9",",W","10",",W","4",",W","1",",W","0",",W","0",",W","0",",W","28",",W","0",",W","20170731","+,,W","20170707",",,W","20170720",",,W","8.3",",W,31,+","45.0",",,W,07,","31.7",",W,20,","9.7","W","9.7",",W",,,,,,,"63.8",",,,W","21.15",",W","25.85",",,,W","16.45",",,,W",,,"160",",W","150",",W","11.6",",W","15.2",",W"
"USW00094724","2017-08","3.3",",W","206.1","W","64.7",",W","9",",W","7",",W","2",",W","0",",W","0",",W","0",",W","30",",W","0",",W","20170827",",,W","20170818",",,W","20170801",",,W","6.7",",W,27,","27.7",",,W,18,","29.4",",W,01,","23.7","W","14.0",",W",,,,,,,"117.1",",,,W","19.97",",W","25.86",",,,W","14.08",",,,W",,,"200",",W","200",",W","13.9",",W","18.8",",W"
"USW00094724","2017-09","4.2",",W","254.0","W","47.9",",W","13",",W","7",",W","4",",W","0",",W","0",",W","0",",W","23",",W","0",",W","20170902",",,W","20170906",",,W","20170927","+,,W","2.8",",W,02,","53.8",",,W,06,","26.7",",W,27,+","59.2","W","35.5",",W",,,,,,,"189.3",",,,W","18.74",",W","23.13",",,,W","14.36",",,,W",,,"20",",W","10",",W","16.1",",W","21.9",",W"
"USW00094724","2017-10","4.3",",W","260.1","W","6.1",",W","11","1,W","7","1,W","1","1,W","0",",W","0",",W","0",",W","10",",W","0",",W","20171028","+,,W","20171025",",1,W","20171006",",,W","1.1",",W,28,+","54.4","1,,W,25,","25.6",",W,06,","187.3","W","128.1",",W",,,,,,,"133.0","1,,,W","14.40",",W","19.87",",,,W","8.92",",,,W",,,"150",",W","150",",W","21.0",",W","26.8",",W"
"USW00094724","2017-11","4.8",",W","260.1","W","0.0",",W","6",",W","0",",W","0",",W","0",",W","13",",W","0",",W","0",",W","0",",W","20171111",",,W","20171105",",,W","20171102",",,W","-9.3",",W,11,","0.8",",,W,05,","20.0",",W,02,","527.0","W","339.7",",W",,,,,,,"2.7",",,,W","7.01",",W","12.21",",,,W","1.81",",,,W",,,"330",",W","220",",W","13.4",",W","18.8",",W"
"USW00094724","2017-12","4.4",",W",,,,,"11",",W","5",",W","0",",W",,,,,,,,,,,,,"20171206",",,W",,,,,"23.1",",,W,06,",,,,,,,"2","","1","",,,"58.8",",,,W",,,,,,,,,"260",",W","300",",W","16.1",",W","23.3",",W"
"USW00094724","2018-01","5.5",",W",,,,,"10",",W","6",",W","2",",W",,,,,,,,,,,,,"20180104",",,W",,,,,"33.8",",,W,04,",,,,,,,,,,,,,"113.8",",,,W",,,,,,,,,"10",",W","20",",W","19.2",",W","26.4",",W"
"USW00094724","2018-02","4.5",",W",,,,,"20",",W","15",",W","1",",W",,,,,,,,,,,,,"20180211",",,W",,,,,"57.9",",,W,11,",,,,,,,"3","",,,,,"201.9",",,,W",,,,,,,,,"190",",W","180",",W","13.0",",W","18.8",",W"
"USW00094724","2018-03","5.9","2,W",,,"0.0","2,W","11","2,W","6","2,W","0","2,W","0","2,W","15","2,W","0","2,W","0","2,W","0","2,W","20180319",",2,W","20180307",",2,W","20180301",",2,W","-10.5","2,W,19,","19.3","2,,W,07,","17.2","2,W,01,",,,"450.8","2,W",,,,,,,"39.0","2,,,W","2.79","2,W","6.76","2,,,W","-1.18","2,,,W",,,"20","2,W","40","2,W","21.0","2,W","30.0","2,W"
"USW00094724","2018-04","4.8",",W",,,"0.0",",W","16",",W","9",",W","1",",W","0",",W","10",",W","0",",W","0",",W","0",",W","20180411",",,W","20180425",",,W","20180426",",,W","-7.7",",W,11,","36.3",",,W,25,","18.9",",W,26,",,,"367.5",",W",,,,,,,"106.6",",,,W","6.08",",W","11.10",",,,W","1.06",",,,W",,,"60",",W","120",",W","13.9",",W","19.7",",W"
"USW00094724","2018-05","4.1",",W",,,"3.9",",W","12",",W","6",",W","0",",W","0",",W","0",",W","0",",W","9",",W","0",",W","20180512",",,W","20180506",",,W","20180529","+,,W","2.8",",W,12,","12.2",",,W,06,","28.3",",W,29,+",,,"123.0",",W",,,,,,,"43.8",",,,W","14.49",",W","19.35",",,,W","9.63",",,,W",,,"210",",W","220",",W","11.6",",W","17.0",",W"
"USW00094724","2018-06","3.9",",W",,,"24.8",",W","10",",W","5",",W","1",",W","0",",W","0",",W","0",",W","16",",W","0",",W","20180612",",,W","20180604",",,W","20180630",",,W","2.2",",W,12,","31.5",",,W,04,","30.0",",W,30,",,,"71.9",",W",,,,,,,"74.8",",,,W","16.76",",W","22.13",",,,W","11.39",",,,W",,,"160",",W","150",",W","13.4",",W","17.4",",W"
"USW00094724","2018-07","3.7",",W",,,"103.4",",W","5",",W","3",",W","1",",W","0",",W","0",",W","0",",W","31",",W","1",",W","20180709",",,W","20180728",",,W","20180701",",,W","4.4",",W,09,","41.7",",,W,28,","32.8",",W,01,","21.4","","21.4",",W",,,,,,,"50.4",",,,W","20.98",",W","26.57",",,,W","15.38",",,,W",,,"210",",W","170",",W","11.2",",W","17.4",",W"
"USW00094724","2018-08","3.8",",W",,,"154.7",",W","7",",W","4",",W","0",",W","0",",W","0",",W","0",",W","31",",W","2",",W","20180825",",,W","20180804",",,W","20180830",",,W","9.4",",W,25,","13.0",",,W,04,","33.3",",W,30,","23.3","","1.9",",W",,,,,,,"32.0",",,,W","23.26",",W","27.65",",,,W","18.87",",,,W",,,"200",",W","210",",W","9.8",",W","14.3",",W"
"USW00094724","2018-09","3.9",",W",,,"43.8",",W","12",",W","7",",W","0",",W","0",",W","0",",W","0",",W","23",",W","0",",W","20180924",",,W","20180928",",,W","20180904",",,W","6.1",",W,24,","25.1",",,W,28,","31.1",",W,04,","58.3","","35.0",",W",,,"1","",,,"80.6",",,,W","18.63",",W","23.43",",,,W","13.83",",,,W",,,"190",",W","320",",W","11.2",",W","15.7",",W"
"USW00094724","2018-10","4.5",",W",,,"10.2",",W","13",",W","9",",W","2",",W","0",",W","5",",W","0",",W","6",",W","0",",W","20181031",",,W","20181012",",,W","20181010",",,W","-4.9",",W,31,","78.0",",,W,12,","25.6",",W,10,","273.3","","215.0",",W",,,,,,,"164.7",",,,W","11.73",",W","16.86",",,,W","6.59",",,,W",,,"70",",W","90",",W","16.1",",W","20.6",",W"
"USW00094724","2018-11","5.2",",W",,,"0.0",",W","13",",W","12",",W","4",",W","0",",W","10",",W","1",",W","0",",W","0",",W","20181123",",,W","20181113",",,W","20181103","+,,W","-9.3",",W,23,","41.1",",,W,13,","18.9",",W,03,+","623.7","","350.4",",W","6","",,,"1","","229.0",",,,W","6.65",",W","10.88",",,,W","2.42",",,,W",,,"200",",W","190",",W","17.9",",W","23.3",",W"
"USW00094724","2019-01","5.1",",W","0.0","","0.0",",W","7",",W","4",",W","2",",W","0",",W","26",",W","7",",W","0",",W","0",",W","20190121",",,W","20190120",",,W","20190101",",,W","-14.9",",W,21,","65.8",",,W,20,","13.3",",W,01,",,,"595.3",",W","3","",,,,,"134.6",",,,W","-0.87",",W","4.08",",,,W","-5.82",",,,W",,,"180",",W","190",",W","17.4",",W","22.4",",W"
"USW00094724","2019-02","4.7",",W","0.0","","0.0",",W","11",",W","6",",W","0",",W","0",",W","23",",W","5",",W","0",",W","0",",W","20190202",",,W","20190224",",,W","20190205",",,W","-16.6",",W,02,","16.0",",,W,24,","16.7",",W,05,",,,"506.1",",W",,,,,,,"60.0",",,,W","0.26",",W","4.73",",,,W","-4.21",",,,W",,,"280",",W","270",",W","14.3",",W","20.6",",W"
"USW00094724","2019-03","4.8",",W",,,,,"9",",W","6",",W","1",",W",,,,,,,,,,,,,"20190304",",,W",,,,,"26.7",",,W,04,",,,,,,,"1","",,,,,"93.3",",,,W",,,,,,,,,"30",",W","140",",W","16.1",",W","21.9",",W"
"USW00094724","2019-04","4.9",",W",,,"0.0","2,W","19",",W","11",",W","0",",W","0","2,W","5","2,W","0","2,W","2","2,W","0","2,W","20190407","+,2,W","20190426",",,W","20190424","+,2,W","-2.1","2,W,07,+","18.5",",,W,26,","21.1","2,W,24,+",,,"259.1","2,W",,,"1","",,,"116.9",",,,W","9.08","2,W","13.78","2,,,W","4.38","2,,,W",,,"310",",W","320",",W","14.8",",W","20.6",",W"
"USW00094724","2019-05","4.8",",W",,,"0.6",",W","14",",W","8",",W","1",",W","0",",W","2",",W","0",",W","6",",W","0",",W","20190507",",,W","20190512",",,W","20190526",",,W","-0.5",",W,07,","27.2",",,W,12,","25.0",",W,26,",,,"187.5",",W","2","",,,,,"92.9",",,,W","12.30",",W","17.38",",,,W","7.23",",,,W",,,"20",",W","20",",W","13.0",",W","17.9",",W"
"USW00094724","2019-06","3.7",",W",,,"19.4",",W","14",",W","8",",W","3",",W","0",",W","0",",W","0",",W","20",",W","0",",W","20190609",",,W","20190621",",,W","20190628","+,,W","3.9",",W,09,","35.8",",,W,21,","28.3",",W,28,+",,,"41.8",",W","1","",,,,,"151.9",",,,W","17.59",",W","22.96",",,,W","12.21",",,,W",,,"350",",W","10",",W","13.4",",W","21.0",",W"
"USW00094724","2019-07","3.2",",W",,,"123.7",",W","6",",W","3",",W","0",",W","0",",W","0",",W","0",",W","31",",W","2",",W","20190708",",,W","20190718",",,W","20190721","+,,W","10.0",",W,08,","15.7",",,W,18,","33.3",",W,21,+","1.4","","1.4",",W","11","","8","","1","","36.9",",,,W","22.28",",W","27.62",",,,W","16.94",",,,W",,,"170",",W","200",",W","9.8",",W","14.3",",W"
"USW00094724","2019-08","3.3",",W",,,"85.6",",W","10","3,W","6","3,W","2","3,W","0",",W","0",",W","0",",W","31",",W","0",",W","20190827",",,W","20190813",",3,W","20190804","+,,W","6.7",",W,27,","33.8","3,,W,13,","30.0",",W,04,+","7.8","","6.4",",W",,,"3","",,,"86.2","3,,,W","20.89",",W","26.25",",,,W","15.53",",,,W",,,"40",",W","210",",W","11.2",",W","15.2",",W"
"USW00094724","2019-09","3.8",",W",,,"13.4",",W","9",",W","6",",W","1",",W","0",",W","0",",W","0",",W","25",",W","0",",W","20190920","+,,W","20190906",",,W","20190921","+,,W","2.2",",W,20,+","25.7",",,W,06,","26.7",",W,21,+","75.0","","67.2",",W",,,"1","",,,"80.4",",,,W","16.54",",W","22.68",",,,W","10.40",",,,W",,,"60",",W","60",",W","15.7",",W","19.7",",W"
"USW00094724","2019-10","5.1","2,W",,,"5.3","2,W","15","2,W","11","2,W","2","2,W","0","2,W","6","2,W","0","2,W","2","2,W","0","2,W","20191020","+,2,W","20191027",",2,W","20191002",",2,W","-1.0","2,W,20,+","50.0","2,,W,27,","26.7","2,W,02,","250.0","","175.0","2,W","2","",,,,,"168.6","2,,,W","12.48","2,W","17.51","2,,,W","7.44","2,,,W",,,"120","2,W","120","2,W","20.6","2,W","27.7","2,W"
