Fips,Metro_area,Latitude,Longitude,Share_of_recent_buyers,State
41100,"St. George, UT Metro Area",37.3092,-113.4764,12.00%,UT
17660,"Coeur d'Alene, ID Metro Area",47.6787,-116.6855,11.30%,ID
16940,"Cheyenne, WY Metro Area",41.3265,-104.6666,13.80%,WY
49740,"Yuma, AZ Metro Area",32.7522,-113.9364,8.20%,AZ
49700,"Yuba City, CA Metro Area",39.1868,-121.6103,10.10%,CA
49020,"Winchester, VA-WV Metro Area",39.2738,-78.4913,8.60%,VA
47580,"Warner Robins, GA Metro Area",32.3977,-83.6652,9.10%,GA
47460,"Walla Walla, WA Metro Area",46.311,-118.1923,9.10%,WA
46060,"Tucson, AZ Metro Area",31.9703,-111.7845,8.40%,AZ
45540,"The Villages, FL Metro Area",28.633,-82.1055,10.40%,FL
45300,"Tampa-St. Petersburg-Clearwater, FL Metro Area",28.1327,-82.4803,8.40%,FL
44100,"Springfield, IL Metro Area",39.8416,-89.6058,9.00%,IL
44060,"Spokane-Spokane Valley, WA Metro Area",48.1301,-117.6472,8.10%,WA
43620,"Sioux Falls, SD Metro Area",43.4663,-96.9954,9.80%,SD
43420,"Sierra Vista-Douglas, AZ Metro Area",31.8803,-109.7499,8.00%,AZ
42680,"Sebastian-Vero Beach, FL Metro Area",27.7096,-80.5941,9.50%,FL
41420,"Salem, OR Metro Area",44.9843,-123.1472,8.50%,OR
39340,"Provo-Orem, UT Metro Area",39.9462,-111.6923,9.20%,UT
39140,"Prescott, AZ Metro Area",34.7073,-112.4429,10.40%,AZ
38940,"Port St. Lucie, FL Metro Area",27.2586,-80.4072,8.30%,FL
38900,"Portland-Vancouver-Hillsboro, OR-WA Metro Area",45.6371,-122.6727,8.00%,OR
38060,"Phoenix-Mesa-Scottsdale, AZ Metro Area",33.2681,-112.1432,9.00%,AZ
37860,"Pensacola-Ferry Pass-Brent, FL Metro Area",30.6146,-87.0952,8.80%,FL
37460,"Panama City, FL Metro Area",30.0858,-85.4574,9.90%,FL
37340,"Palm Bay-Melbourne-Titusville, FL Metro Area",28.3067,-80.7005,8.90%,FL
36740,"Orlando-Kissimmee-Sanford, FL Metro Area",28.4593,-81.4247,8.10%,FL
36500,"Olympia-Tumwater, WA Metro Area",46.9781,-122.8988,9.00%,WA
36260,"Ogden-Clearfield, UT Metro Area",41.3853,-112.9149,9.80%,UT
36140,"Ocean City, NJ Metro Area",39.0589,-74.914,11.00%,NJ
36100,"Ocala, FL Metro Area",29.2408,-82.0227,8.10%,FL
34940,"Naples-Immokalee-Marco Island, FL Metro Area",26.1457,-81.37,8.20%,FL
33780,"Monroe, MI Metro Area",41.9089,-83.4758,8.40%,MI
33260,"Midland, TX Metro Area",32.0888,-101.9531,10.30%,TX
32780,"Medford, OR Metro Area",42.4995,-122.7571,8.60%,OR
31900,"Mansfield, OH Metro Area",40.773,-82.5525,9.20%,OH
31740,"Manhattan, KS Metro Area",39.3049,-96.498,9.40%,KS
31020,"Longview, WA Metro Area",46.1192,-122.6148,9.70%,WA
30460,"Lexington-Fayette, KY Metro Area",38.1106,-84.4711,8.10%,KY
29820,"Las Vegas-Henderson-Paradise, NV Metro Area",35.9271,-115.2532,9.30%,NV
29460,"Lakeland-Winter Haven, FL Metro Area",28.0026,-81.7382,9.20%,FL
27740,"Johnson City, TN Metro Area",36.2322,-82.2998,8.60%,TN
27340,"Jacksonville, NC Metro Area",34.692,-77.3865,8.10%,NC
27260,"Jacksonville, FL Metro Area",30.2238,-81.8852,9.00%,FL
26140,"Homosassa Springs, FL Metro Area",28.8594,-82.5154,10.90%,FL
25260,"Hanford-Corcoran, CA Metro Area",36.1391,-119.7718,8.80%,CA
24580,"Green Bay, WI Metro Area",44.8103,-88.0063,8.10%,WI
24540,"Greeley, CO Metro Area",40.5014,-104.5459,8.10%,CO
24500,"Great Falls, MT Metro Area",47.2584,-111.4165,8.20%,MT
24420,"Grants Pass, OR Metro Area",42.3893,-123.634,8.80%,OR
24300,"Grand Junction, CO Metro Area",38.9332,-108.5847,9.80%,CO
22660,"Fort Collins, CO Metro Area",40.6284,-105.4466,9.50%,CO
21660,"Eugene, OR Metro Area",43.864,-122.7491,8.10%,OR
20700,"East Stroudsburg, PA Metro Area",41.0334,-75.2923,9.60%,PA
20500,"Durham-Chapel Hill, NC Metro Area",36.0288,-79.0057,8.40%,NC
20100,"Dover, DE Metro Area",39.1096,-75.4797,9.20%,DE
19740,"Denver-Aurora-Lakewood, CO Metro Area",39.3686,-104.8662,8.20%,CO
19660,"Deltona-Daytona Beach-Ormond Beach, FL Metro Area",29.1419,-81.2095,8.30%,FL
18880,"Crestview-Fort Walton Beach-Destin, FL Metro Area",30.6049,-86.3534,8.70%,FL
17860,"Columbia, MO Metro Area",38.9459,-92.3404,8.30%,MO
17820,"Colorado Springs, CO Metro Area",38.8203,-104.6919,8.40%,CO
17780,"College Station-Bryan, TX Metro Area",30.8264,-96.4102,9.10%,TX
17300,"Clarksville, TN-KY Metro Area",36.7362,-87.7121,8.80%,TN
17020,"Chico, CA Metro Area",39.7237,-121.5794,10.80%,CA
16300,"Cedar Rapids, IA Metro Area",42.0794,-91.5987,8.20%,IA
16220,"Casper, WY Metro Area",42.9662,-106.7878,9.30%,WY
15980,"Cape Coral-Fort Myers, FL Metro Area",26.5532,-81.9137,9.60%,FL
15540,"Burlington-South Burlington, VT Metro Area",44.5888,-73.1245,8.80%,VT
14740,"Bremerton-Silverdale, WA Metro Area",47.6874,-122.6079,8.40%,WA
14540,"Bowling Green, KY Metro Area",37.0118,-86.4225,9.10%,KY
14260,"Boise City, ID Metro Area",43.2557,-116.5017,9.40%,ID
13460,"Bend-Redmond, OR Metro Area",44.0023,-121.4063,10.80%,OR
12420,"Austin-Round Rock, TX Metro Area",30.2683,-97.6515,8.30%,TX
12220,"Auburn-Opelika, AL Metro Area",32.5778,-85.3613,10.80%,AL
49620,"York-Hanover, PA Metro Area",39.9731,-76.7431,6.20%,PA
49420,"Yakima, WA Metro Area",46.5645,-120.6486,6.00%,WA
49340,"Worcester, MA-CT Metro Area",42.178,-71.8736,6.00%,MA
49180,"Winston-Salem, NC Metro Area",36.0275,-80.3688,6.20%,NC
48900,"Wilmington, NC Metro Area",34.2598,-77.8228,5.70%,NC
48660,"Wichita Falls, TX Metro Area",33.804,-98.4655,6.50%,TX
48620,"Wichita, KS Metro Area",37.5841,-97.4951,7.70%,KS
48540,"Wheeling, WV-OH Metro Area",39.9534,-80.8766,5.30%,WV
48300,"Wenatchee, WA Metro Area",47.8855,-120.1936,6.90%,WA
48260,"Weirton-Steubenville, WV-OH Metro Area",40.3973,-80.6923,5.30%,WV
48140,"Wausau, WI Metro Area",44.9009,-89.7695,5.10%,WI
48060,"Watertown-Fort Drum, NY Metro Area",44.0354,-75.9891,5.70%,NY
47900,"Washington-Arlington-Alexandria, DC-VA-MD-WV Metro Area",38.8552,-77.5269,6.60%,DC
47380,"Waco, TX Metro Area",31.4247,-97.1128,6.80%,TX
47300,"Visalia-Porterville, CA Metro Area",36.2671,-118.8232,6.30%,CA
47260,"Virginia Beach-Norfolk-Newport News, VA-NC Metro Area",36.8161,-76.3797,6.70%,VA
47220,"Vineland-Bridgeton, NJ Metro Area",39.3125,-75.1344,6.20%,NJ
46700,"Vallejo-Fairfield, CA Metro Area",38.2855,-121.9018,5.50%,CA
46540,"Utica-Rome, NY Metro Area",43.4608,-75.1188,5.60%,NY
46520,"Urban Honolulu, HI Metro Area",21.4812,-157.9695,5.30%,HI
46140,"Tulsa, OK Metro Area",36.1881,-96.1294,6.80%,OK
45940,"Trenton, NJ Metro Area",40.2805,-74.6826,5.60%,NJ
45820,"Topeka, KS Metro Area",39.0434,-95.9461,7.90%,KS
45780,"Toledo, OH Metro Area",41.5626,-83.8981,6.70%,OH
45220,"Tallahassee, FL Metro Area",30.3347,-84.2507,7.20%,FL
45060,"Syracuse, NY Metro Area",43.2123,-76.1777,5.30%,NY
44420,"Staunton-Waynesboro, VA Metro Area",38.1797,-79.1373,6.00%,VA
44300,"State College, PA Metro Area",40.9721,-77.806,5.10%,PA
44220,"Springfield, OH Metro Area",39.9058,-83.7972,5.80%,OH
44180,"Springfield, MO Metro Area",37.3561,-93.1565,7.70%,MO
44140,"Springfield, MA Metro Area",42.2772,-72.6068,6.20%,MA
43900,"Spartanburg, SC Metro Area",34.8204,-81.8312,7.30%,SC
43780,"South Bend-Mishawaka, IN-MI Metro Area",41.7514,-86.2934,6.10%,IN
43340,"Shreveport-Bossier City, LA Metro Area",32.4317,-93.6401,6.40%,LA
43300,"Sherman-Denison, TX Metro Area",33.6787,-96.662,6.40%,TX
42700,"Sebring, FL Metro Area",27.3395,-81.3049,6.60%,FL
42660,"Seattle-Tacoma-Bellevue, WA Metro Area",47.5137,-121.885,7.60%,WA
42340,"Savannah, GA Metro Area",32.1505,-81.4468,7.60%,GA
42220,"Santa Rosa, CA Metro Area",38.4629,-122.8943,6.40%,CA
42200,"Santa Maria-Santa Barbara, CA Metro Area",34.7203,-120.0629,7.30%,CA
42140,"Santa Fe, NM Metro Area",35.5258,-105.9833,7.20%,NM
42020,"San Luis Obispo-Paso Robles-Arroyo Grande, CA Metro Area",35.3477,-120.3665,7.00%,CA
41940,"San Jose-Sunnyvale-Santa Clara, CA Metro Area",36.8407,-121.3746,5.20%,CA
41740,"San Diego-Carlsbad, CA Metro Area",33.0164,-116.7305,6.40%,CA
41700,"San Antonio-New Braunfels, TX Metro Area",29.376,-98.6267,7.10%,TX
41620,"Salt Lake City, UT Metro Area",40.4903,-112.926,6.60%,UT
41540,"Salisbury, MD-DE Metro Area",38.4443,-75.4108,6.50%,MD
41500,"Salinas, CA Metro Area",36.3545,-121.5249,5.70%,CA
41180,"St. Louis, MO-IL Metro Area",38.7628,-90.3359,6.20%,MO
41140,"St. Joseph, MO-KS Metro Area",39.8301,-94.7727,5.90%,MO
41060,"St. Cloud, MN Metro Area",45.5526,-94.6386,6.10%,MN
40900,"Sacramento--Roseville--Arden-Arcade, CA Metro Area",38.6673,-121.1593,6.70%,CA
40340,"Rochester, MN Metro Area",43.9778,-92.5623,5.90%,MN
40140,"Riverside-San Bernardino-Ontario, CA Metro Area",34.6177,-116.0501,6.70%,CA
40060,"Richmond, VA Metro Area",37.48,-77.437,6.60%,VA
39900,"Reno, NV Metro Area",40.582,-119.6546,8.00%,NV
39820,"Redding, CA Metro Area",40.7347,-122.0179,6.80%,CA
39660,"Rapid City, SD Metro Area",44.258,-102.7909,7.00%,SD
39580,"Raleigh, NC Metro Area",35.7604,-78.5878,7.90%,NC
39540,"Racine, WI Metro Area",42.7278,-87.6802,6.00%,WI
39460,"Punta Gorda, FL Metro Area",26.904,-81.9881,7.90%,FL
39380,"Pueblo, CO Metro Area",38.1285,-104.5533,5.10%,CO
39300,"Providence-Warwick, RI-MA Metro Area",41.6397,-71.3161,5.40%,RI
38860,"Portland-South Portland, ME Metro Area",43.5441,-70.5308,6.00%,ME
38540,"Pocatello, ID Metro Area",42.6399,-112.1631,5.20%,ID
38340,"Pittsfield, MA Metro Area",42.3915,-73.2021,5.80%,MA
38220,"Pine Bluff, AR Metro Area",34.0987,-91.8369,6.50%,AR
37980,"Philadelphia-Camden-Wilmington, PA-NJ-DE-MD Metro Area",39.9494,-75.2383,5.60%,PA
37900,"Peoria, IL Metro Area",40.7761,-89.4577,7.50%,IL
36780,"Oshkosh-Neenah, WI Metro Area",44.0684,-88.6451,5.80%,WI
36540,"Omaha-Council Bluffs, NE-IA Metro Area",41.3245,-96.0317,7.50%,NE
36420,"Oklahoma City, OK Metro Area",35.4226,-97.724,6.60%,OK
36220,"Odessa, TX Metro Area",31.8707,-102.5429,5.10%,TX
35840,"North Port-Sarasota-Bradenton, FL Metro Area",27.2972,-82.3447,7.40%,FL
35660,"Niles-Benton Harbor, MI Metro Area",42.0017,-86.6862,6.20%,MI
35620,"New York-Newark-Jersey City, NY-NJ-PA Metro Area",40.778,-73.7087,5.40%,NY
35300,"New Haven-Milford, CT Metro Area",41.3658,-72.8776,5.80%,CT
35100,"New Bern, NC Metro Area",35.0996,-77.0357,7.40%,TN
34980,"Nashville-Davidson--Murfreesboro--Franklin, TN Metro Area",36.0303,-86.7925,7.80%,CA
34900,"Napa, CA Metro Area",38.5096,-122.326,5.20%,SC
34820,"Myrtle Beach-Conway-North Myrtle Beach, SC-NC Metro Area",33.9705,-78.2911,8.00%,SC
34740,"Muskegon, MI Metro Area",43.2958,-86.587,7.00%,MI
34580,"Mount Vernon-Anacortes, WA Metro Area",48.4768,-121.9059,7.80%,WA
34100,"Morristown, TN Metro Area",36.1207,-83.4366,5.80%,TN
34060,"Morgantown, WV Metro Area",39.4582,-79.7187,5.80%,WV
33860,"Montgomery, AL Metro Area",32.3654,-86.407,6.30%,AL
33740,"Monroe, LA Metro Area",32.6366,-92.1696,6.40%,LA
33460,"Minneapolis-St. Paul-Bloomington, MN-WI Metro Area",45.2214,-93.5043,7.20%,MN
33340,"Milwaukee-Waukesha-West Allis, WI Metro Area",43.1933,-87.8277,5.90%,WI
33220,"Midland, MI Metro Area",43.6447,-84.3875,7.40%,MI
33100,"Miami-Fort Lauderdale-West Palm Beach, FL Metro Area",26.0551,-80.4596,7.30%,FL
32900,"Merced, CA Metro Area",37.187,-120.6093,6.30%,CA
32820,"Memphis, TN-MS-AR Metro Area",35.0381,-89.7993,6.00%,TN
31860,"Mankato-North Mankato, MN Metro Area",44.1527,-94.0685,5.40%,MN
31700,"Manchester-Nashua, NH Metro Area",42.952,-71.7201,6.10%,NH
31540,"Madison, WI Metro Area",43.0719,-89.7202,6.70%,WI
31460,"Madera, CA Metro Area",37.2706,-119.6356,7.30%,CA
31420,"Macon-Bibb County, GA Metro Area",32.8283,-83.7458,6.40%,GA
31340,"Lynchburg, VA Metro Area",37.4101,-79.2122,7.00%,VA
31180,"Lubbock, TX Metro Area",33.3967,-101.6791,5.90%,TX
31140,"Louisville/Jefferson County, KY-IN Metro Area",38.3188,-85.6272,6.70%,KY
30980,"Longview, TX Metro Area",32.374,-94.7391,5.90%,TX
30860,"Logan, UT-ID Metro Area",41.8997,-111.7921,5.90%,UT
30780,"Little Rock-North Little Rock-Conway, AR Metro Area",34.7137,-92.3347,6.60%,AR
30700,"Lincoln, NE Metro Area",40.7851,-96.9161,6.70%,NE
30620,"Lima, OH Metro Area",40.7818,-84.1386,7.60%,OH
30340,"Lewiston-Auburn, ME Metro Area",44.1965,-70.2031,7.70%,ME
30300,"Lewiston, ID-WA Metro Area",46.2432,-117.0514,7.10%,ID
30140,"Lebanon, PA Metro Area",40.3753,-76.4431,5.30%,PA
29940,"Lawrence, KS Metro Area",38.904,-95.2783,6.70%,KS
29740,"Las Cruces, NM Metro Area",32.4179,-106.8377,6.20%,NM
29620,"Lansing-East Lansing, MI Metro Area",42.7676,-84.6157,6.00%,MI
29540,"Lancaster, PA Metro Area",40.0186,-76.2338,6.70%,PA
29420,"Lake Havasu City-Kingman, AZ Metro Area",35.6056,-113.9942,7.80%,AZ
29200,"Lafayette-West Lafayette, IN Metro Area",40.476,-86.8142,7.70%,IN
29180,"Lafayette, LA Metro Area",29.9277,-92.1272,5.20%,LA
29100,"La Crosse-Onalaska, WI-MN Metro Area",43.7953,-91.3207,5.90%,WI
29020,"Kokomo, IN Metro Area",40.4713,-86.1192,6.50%,IN
28940,"Knoxville, TN Metro Area",36.0263,-84.2164,6.80%,TN
28660,"Killeen-Temple, TX Metro Area",31.2315,-97.9026,7.40%,TX
28420,"Kennewick-Richland, WA Metro Area",46.2878,-119.345,5.70%,WA
28140,"Kansas City, MO-KS Metro Area",38.9071,-94.585,6.90%,MO
28100,"Kankakee, IL Metro Area",41.1467,-87.8844,5.80%,IL
28020,"Kalamazoo-Portage, MI Metro Area",42.2448,-86.1915,7.90%,MI
27980,"Kahului-Wailuku-Lahaina, HI Metro Area",20.7753,-156.2914,6.80%,HI
27900,"Joplin, MO Metro Area",37.0551,-94.3384,6.40%,MO
27860,"Jonesboro, AR Metro Area",35.7168,-90.662,5.80%,AR
27780,"Johnstown, PA Metro Area",40.4843,-78.7335,5.30%,PA
27620,"Jefferson City, MO Metro Area",38.6763,-91.9296,6.30%,MO
27500,"Janesville-Beloit, WI Metro Area",42.6687,-89.072,5.70%,WI
27180,"Jackson, TN Metro Area",35.6235,-88.8414,5.30%,TN
27140,"Jackson, MS Metro Area",32.3537,-90.1804,5.00%,MS
27100,"Jackson, MI Metro Area",42.2474,-84.4239,7.90%,MI
27060,"Ithaca, NY Metro Area",42.4431,-76.4726,5.00%,NY
26980,"Iowa City, IA Metro Area",41.5122,-91.5984,7.60%,IA
26900,"Indianapolis-Carmel-Anderson, IN Metro Area",39.7141,-86.3223,7.40%,IN
26820,"Idaho Falls, ID Metro Area",43.6268,-112.6883,7.00%,ID
26620,"Huntsville, AL Metro Area",34.7373,-86.7585,6.90%,AL
26580,"Huntington-Ashland, WV-KY-OH Metro Area",38.3457,-82.3461,5.10%,WV
26420,"Houston-The Woodlands-Sugar Land, TX Metro Area",29.6976,-95.3147,6.70%,TX
26300,"Hot Springs, AR Metro Area",34.5808,-93.1061,7.80%,AR
25940,"Hilton Head Island-Bluffton-Beaufort, SC Metro Area",32.3932,-80.7447,6.50%,SC
25860,"Hickory-Lenoir-Morganton, NC Metro Area",35.8348,-81.5015,6.60%,NC
25620,"Hattiesburg, MS Metro Area",31.172,-89.2475,5.40%,MS
25540,"Hartford-West Hartford-East Hartford, CT Metro Area",41.6081,-72.6305,5.50%,CT
25420,"Harrisburg-Carlisle, PA Metro Area",40.3018,-77.1353,6.20%,PA
25180,"Hagerstown-Martinsburg, MD-WV Metro Area",39.4937,-78.004,6.70%,MD
25060,"Gulfport-Biloxi-Pascagoula, MS Metro Area",30.4381,-89.0415,6.00%,MS
24860,"Greenville-Anderson-Mauldin, SC Metro Area",34.7094,-82.4635,6.90%,SC
24660,"Greensboro-High Point, NC Metro Area",36.0241,-79.7912,7.60%,NC
24340,"Grand Rapids-Wyoming, MI Metro Area",42.9444,-86.1979,6.40%,MI
24260,"Grand Island, NE Metro Area",41.0467,-98.2882,7.60%,NE
24220,"Grand Forks, ND-MN Metro Area",47.8469,-97.1174,6.00%,ND
24140,"Goldsboro, NC Metro Area",35.372,-77.9815,5.90%,NC
24020,"Glens Falls, NY Metro Area",43.3747,-73.562,6.30%,NY
23900,"Gettysburg, PA Metro Area",39.8949,-77.226,6.10%,PA
23580,"Gainesville, GA Metro Area",34.3063,-83.7851,6.10%,GA
23540,"Gainesville, FL Metro Area",29.681,-82.5053,7.20%,FL
23420,"Fresno, CA Metro Area",36.7463,-119.6363,6.80%,CA
23060,"Fort Wayne, IN Metro Area",40.931,-85.0695,7.40%,IN
22900,"Fort Smith, AR-OK Metro Area",35.1334,-94.5337,5.30%,AR
22540,"Fond du Lac, WI Metro Area",43.741,-88.5229,5.80%,WI
22520,"Florence-Muscle Shoals, AL Metro Area",34.7873,-87.7684,6.10%,AL
22420,"Flint, MI Metro Area",43.0017,-83.6932,7.70%,MI
22380,"Flagstaff, AZ Metro Area",35.6301,-112.0424,6.50%,AZ
22220,"Fayetteville-Springdale-Rogers, AR-MO Metro Area",36.2585,-94.0987,6.40%,AR
22180,"Fayetteville, NC Metro Area",35.0503,-79.0533,8.00%,NC
21820,"Fairbanks, AK Metro Area",64.8563,-146.3668,6.80%,AK
21780,"Evansville, IN-KY Metro Area",37.9423,-87.6439,5.60%,IN
21420,"Enid, OK Metro Area",36.3791,-97.7828,7.80%,OK
21340,"El Paso, TX Metro Area",31.316,-105.423,5.80%,TX
21300,"Elmira, NY Metro Area",42.1475,-76.7624,5.30%,NY
20740,"Eau Claire, WI Metro Area",44.9439,-91.2868,7.40%,WI
20260,"Duluth, MN-WI Metro Area",47.3943,-92.4299,7.80%,MN
20220,"Dubuque, IA Metro Area",42.4848,-90.8953,7.10%,IA
20020,"Dothan, AL Metro Area",31.3837,-85.2498,5.90%,AL
19820,"Detroit-Warren-Dearborn, MI Metro Area",42.6774,-83.3276,6.20%,MI
19780,"Des Moines-West Des Moines, IA Metro Area",41.5114,-94.0146,7.90%,IA
19380,"Dayton, OH Metro Area",39.8754,-84.2681,6.40%,OH
19340,"Davenport-Moline-Rock Island, IA-IL Metro Area",41.4233,-90.3903,6.90%,IA
19300,"Daphne-Fairhope-Foley, AL Metro Area",30.7327,-87.7626,6.90%,AL
19100,"Dallas-Fort Worth-Arlington, TX Metro Area",32.744,-97.0689,7.10%,TX
19060,"Cumberland, MD-WV Metro Area",39.4802,-78.8921,6.00%,WV
18700,"Corvallis, OR Metro Area",44.4992,-123.4043,6.30%,OR
18580,"Corpus Christi, TX Metro Area",27.9401,-97.3848,5.30%,TX
18140,"Columbus, OH Metro Area",40.0371,-82.8533,7.60%,OH
17980,"Columbus, GA-AL Metro Area",32.4672,-84.8711,6.60%,GA
17900,"Columbia, SC Metro Area",34.0403,-81.274,6.30%,SC
17460,"Cleveland-Elyria, OH Metro Area",41.6183,-81.6755,5.70%,OH
17420,"Cleveland, TN Metro Area",35.1727,-84.6512,7.40%,TN
17140,"Cincinnati, OH-KY-IN Metro Area",39.1013,-84.4863,6.80%,OH
16980,"Chicago-Naperville-Elgin, IL-IN-WI Metro Area",41.703,-87.9363,6.20%,IL
16860,"Chattanooga, TN-GA Metro Area",35.0737,-85.4298,6.10%,TN
16820,"Charlottesville, VA Metro Area",37.9026,-78.5249,5.70%,VA
16740,"Charlotte-Concord-Gastonia, NC-SC Metro Area",35.2588,-80.889,6.80%,NC
16700,"Charleston-North Charleston, SC Metro Area",32.9946,-79.8543,8.00%,SC
16620,"Charleston, WV Metro Area",38.2159,-81.5564,5.80%,WV
16540,"Chambersburg-Waynesboro, PA Metro Area",40.005,-77.7066,6.00%,PA
16180,"Carson City, NV Metro Area",39.1677,-119.7231,8.00%,NV
16060,"Carbondale-Marion, IL Metro Area",37.759,-89.1875,6.60%,IL
15940,"Canton-Massillon, OH Metro Area",40.7061,-81.2833,6.70%,OH
15680,"California-Lexington Park, MD Metro Area",38.1949,-76.559,6.70%,MD
15500,"Burlington, NC Metro Area",36.0465,-79.4005,5.60%,NC
15380,"Buffalo-Cheektowaga-Niagara Falls, NY Metro Area",43.0374,-78.7361,5.20%,NY
15260,"Brunswick, GA Metro Area",31.3451,-81.4428,6.40%,GA
14860,"Bridgeport-Stamford-Norwalk, CT Metro Area",41.3084,-73.3137,5.30%,CT
14500,"Boulder, CO Metro Area",40.0879,-105.3448,6.70%,CO
14460,"Boston-Cambridge-Newton, MA-NH Metro Area",42.5684,-71.1109,5.90%,MA
14020,"Bloomington, IN Metro Area",39.233,-86.7131,5.40%,IN
14010,"Bloomington, IL Metro Area",40.403,-88.8625,6.10%,IL
13980,"Blacksburg-Christiansburg-Radford, VA Metro Area",37.0952,-80.5172,5.20%,VA
13900,"Bismarck, ND Metro Area",46.6357,-100.8998,6.60%,ND
13820,"Birmingham-Hoover, AL Metro Area",33.4602,-86.8194,7.00%,AL
13740,"Billings, MT Metro Area",45.8758,-108.4747,7.90%,MT
13140,"Beaumont-Port Arthur, TX Metro Area",30.3465,-94.382,7.10%,TX
13020,"Bay City, MI Metro Area",43.7369,-83.9361,7.40%,MI
12980,"Battle Creek, MI Metro Area",42.2464,-85.007,5.50%,MI
12940,"Baton Rouge, LA Metro Area",30.5351,-91.1555,6.30%,LA
12700,"Barnstable Town, MA Metro Area",41.7997,-70.208,5.40%,MA
12620,"Bangor, ME Metro Area",45.52,-68.4325,7.80%,ME
12580,"Baltimore-Columbia-Towson, MD Metro Area",39.216,-76.6747,5.90%,MD
12540,"Bakersfield, CA Metro Area",35.2949,-118.7204,6.50%,CA
12060,"Atlanta-Sandy Springs-Roswell, GA Metro Area",33.7311,-84.4002,7.20%,GA
12020,"Athens-Clarke County, GA Metro Area",33.9817,-83.1612,7.60%,GA
11700,"Asheville, NC Metro Area",35.6051,-82.7324,6.50%,NC
11540,"Appleton, WI Metro Area",44.2411,-88.2713,5.30%,WI
11500,"Anniston-Oxford-Jacksonville, AL Metro Area",33.7622,-85.842,5.60%,AL
11460,"Ann Arbor, MI Metro Area",42.2529,-83.8375,6.70%,MI
11260,"Anchorage, AK Metro Area",62.1073,-149.9812,5.30%,AK
11180,"Ames, IA Metro Area",42.0355,-93.4652,7.20%,IA
11100,"Amarillo, TX Metro Area",35.1882,-102.0644,6.10%,TX
10900,"Allentown-Bethlehem-Easton, PA-NJ Metro Area",40.7763,-75.3629,5.80%,PA
10740,"Albuquerque, NM Metro Area",35.2415,-106.7266,7.10%,NM
10580,"Albany-Schenectady-Troy, NY Metro Area",42.8758,-73.7017,5.00%,NY
10540,"Albany, OR Metro Area",44.4968,-122.5258,6.30%,OR
10500,"Albany, GA Metro Area",31.5229,-84.045,6.20%,GA
10420,"Akron, OH Metro Area",41.1284,-81.3447,5.10%,OH
10180,"Abilene, TX Metro Area",32.5202,-99.8793,7.10%,TX
49660,"Youngstown-Warren-Boardman, OH-PA Metro Area",41.2008,-80.501,4.90%,OH
48700,"Williamsport, PA Metro Area",41.333,-77.0553,3.50%,PA
47940,"Waterloo-Cedar Falls, IA Metro Area",42.5578,-92.3184,4.80%,IA
47020,"Victoria, TX Metro Area",28.7455,-97.1672,3.60%,TX
46660,"Valdosta, GA Metro Area",30.8879,-83.3553,5.00%,GA
46340,"Tyler, TX Metro Area",32.4113,-95.246,5.00%,TX
46220,"Tuscaloosa, AL Metro Area",33.0453,-87.5739,3.70%,AL
45500,"Texarkana, TX-AR Metro Area",33.4821,-94.2347,3.90%,TX
45460,"Terre Haute, IN Metro Area",39.5257,-87.273,4.60%,IN
44940,"Sumter, SC Metro Area",33.906,-80.3415,4.30%,SC
44700,"Stockton-Lodi, CA Metro Area",37.8911,-121.2479,4.10%,CA
43580,"Sioux City, IA-NE-SD Metro Area",42.6474,-96.4377,4.00%,IA
43100,"Sheboygan, WI Metro Area",43.7185,-87.6387,3.70%,WI
42540,"Scranton--Wilkes-Barre--Hazleton, PA Metro Area",41.2768,-75.8782,4.40%,PA
42100,"Santa Cruz-Watsonville, CA Metro Area",37.0528,-122.0429,4.50%,CA
41860,"San Francisco-Oakland-Hayward, CA Metro Area",37.6888,-122.0651,4.90%,CA
41660,"San Angelo, TX Metro Area",31.3904,-100.6915,4.00%,TX
40980,"Saginaw, MI Metro Area",43.3487,-84.0339,4.70%,MI
40660,"Rome, GA Metro Area",34.3331,-85.1945,5.00%,GA
40580,"Rocky Mount, NC Metro Area",35.9394,-77.7743,4.30%,NC
40420,"Rockford, IL Metro Area",42.326,-89.0517,4.60%,IL
40380,"Rochester, NY Metro Area",43.0717,-77.3205,4.90%,NY
40220,"Roanoke, VA Metro Area",37.2914,-80.0466,4.80%,VA
39740,"Reading, PA Metro Area",40.4076,-75.9297,4.60%,PA
38300,"Pittsburgh, PA Metro Area",40.4467,-79.9094,4.90%,PA
37620,"Parkersburg-Vienna, WV Metro Area",39.1532,-81.5332,3.60%,WV
37100,"Oxnard-Thousand Oaks-Ventura, CA Metro Area",34.447,-119.0772,4.50%,CA
36980,"Owensboro, KY Metro Area",37.6899,-87.1226,5.00%,KY
35980,"Norwich-New London, CT Metro Area",41.4646,-72.0528,4.60%,CT
35380,"New Orleans-Metairie, LA Metro Area",29.7839,-89.6135,4.60%,LA
34620,"Muncie, IN Metro Area",40.2278,-85.3965,3.30%,IN
33700,"Modesto, CA Metro Area",37.6057,-120.8871,4.70%,CA
33660,"Mobile, AL Metro Area",30.6582,-88.1993,4.60%,AL
33540,"Missoula, MT Metro Area",47.1162,-113.9448,4.30%,MT
33140,"Michigan City-La Porte, IN Metro Area",41.4993,-86.7273,3.00%,IN
32580,"McAllen-Edinburg-Mission, TX Metro Area",26.4089,-98.1861,3.50%,TX
31080,"Los Angeles-Long Beach-Anaheim, CA Metro Area",34.0786,-118.3232,4.30%,CA
30020,"Lawton, OK Metro Area",34.4589,-98.4007,4.80%,OK
29700,"Laredo, TX Metro Area",27.7321,-99.2864,3.60%,TX
29340,"Lake Charles, LA Metro Area",30.0083,-93.1892,3.00%,LA
28740,"Kingston, NY Metro Area",41.8791,-74.2028,3.70%,NY
28700,"Kingsport-Bristol-Bristol, TN-VA Metro Area",36.5855,-82.365,4.80%,TN
26380,"Houma-Thibodaux, LA Metro Area",29.4536,-90.6521,4.80%,LA
25980,"Hinesville, GA Metro Area",31.8068,-81.6438,4.60%,GA
25500,"Harrisonburg, VA Metro Area",38.5283,-78.9404,4.40%,VA
25220,"Hammond, LA Metro Area",30.6175,-90.4081,4.60%,LA
24780,"Greenville, NC Metro Area",35.5802,-77.3635,3.30%,NC
23460,"Gadsden, AL Metro Area",34.0211,-86.0433,2.60%,AL
22500,"Florence, SC Metro Area",34.1554,-79.8506,4.80%,SC
22140,"Farmington, NM Metro Area",36.5004,-108.3357,2.30%,NM
22020,"Fargo, ND-MN Metro Area",46.934,-96.9278,4.90%,ND
21500,"Erie, PA Metro Area",42.1824,-80.1407,4.50%,PA
21140,"Elkhart-Goshen, IN Metro Area",41.5978,-85.8585,4.00%,IN
21060,"Elizabethtown-Fort Knox, KY Metro Area",37.8104,-85.9517,4.40%,KY
20940,"El Centro, CA Metro Area",33.0262,-115.3571,3.70%,CA
19500,"Decatur, IL Metro Area",39.8549,-88.9817,3.20%,IL
19460,"Decatur, AL Metro Area",34.552,-87.1635,3.80%,AL
19180,"Danville, IL Metro Area",40.1792,-87.7362,3.20%,IL
19140,"Dalton, GA Metro Area",34.7858,-84.8822,3.20%,GA
18020,"Columbus, IN Metro Area",39.1931,-85.8842,3.60%,IN
16580,"Champaign-Urbana, IL Metro Area",40.3948,-88.1963,4.70%,IL
16020,"Cape Girardeau, MO-IL Metro Area",37.2885,-89.7109,3.20%,MO
15180,"Brownsville-Harlingen, TX Metro Area",26.1248,-97.4854,4.00%,TX
14100,"Bloomsburg-Berwick, PA Metro Area",41.0428,-76.4941,3.80%,PA
13780,"Binghamton, NY Metro Area",42.2062,-76.0867,3.80%,NY
13380,"Bellingham, WA Metro Area",48.8142,-121.8478,4.90%,WA
13220,"Beckley, WV Metro Area",37.8857,-81.1637,4.10%,WV
12260,"Augusta-Richmond County, GA-SC Metro Area",33.3936,-82.0247,4.60%,GA
12100,"Atlantic City-Hammonton, NJ Metro Area",39.5086,-74.6812,4.00%,NJ
11020,"Altoona, PA Metro Area",40.4926,-78.3484,4.60%,PA
10780,"Alexandria, LA Metro Area",31.3434,-92.5269,4.50%,LA
